query,matched_query,similarity_score,true_domain,pred_domain,true_intent,pred_intent,true_endpoint,pred_endpoint,true_parameters,pred_parameters,true_ontology,pred_ontology,domain_correct,intent_correct,endpoint_correct,parameter_correct,ontology_correct,full_correct
What's the weather like in Istanbul right now?,What is the temperature in Istanbul right now?,0.8823465704917908,Weather,Weather,GetCurrentWeather,GetTemperature,/weather/current,/weather/temperature,city=Istanbul,city=Istanbul,GetCurrentWeather,GetTemperature,True,False,False,True,False,False
Tell me the current weather conditions in Tokyo.,Give me the temperature reading in Mumbai.,0.6136527061462402,Weather,Weather,GetCurrentWeather,GetTemperature,/weather/current,/weather/temperature,city=Tokyo,city=Tokyo,GetCurrentWeather,GetTemperature,True,False,False,True,False,False
Give me a weather update for London today.,Will it rain or snow in London on next Monday?,0.7107539772987366,Weather,Weather,GetCurrentWeather,GetForecast,/weather/current,/weather/forecast,city=London,city=London;date=today,GetCurrentWeather,GetForecast,True,False,False,True,False,False
Show the present weather in Paris.,Show me the forecast for Paris for Friday.,0.7599520683288574,Weather,Weather,GetCurrentWeather,GetForecast,/weather/current,/weather/forecast,city=Paris,city=Paris;date=UNKNOWN,GetCurrentWeather,GetForecast,True,False,False,True,False,False
"Current weather in New York, please.",What will the weather be like in New York 2026-06-20 in celsius?,0.7491786479949951,Weather,Weather,GetCurrentWeather,GetForecast,/weather/current,/weather/forecast,city=New York,city=New York;date=UNKNOWN,GetCurrentWeather,GetForecast,True,False,False,True,False,False
How is the weather feeling in Dubai at the moment?,I am planning around Dubai on next Thursday; get the forecast.,0.663082480430603,Weather,Weather,GetCurrentWeather,GetForecast,/weather/current,/weather/forecast,city=Dubai,city=Dubai;date=UNKNOWN,GetCurrentWeather,GetForecast,True,False,False,True,False,False
"Can you check the weather around Berlin before I go out, using celsius?",Can you check the sky conditions around Moscow?,0.5771687030792236,Weather,Weather,GetCurrentWeather,GetCurrentWeather,/weather/current,/weather/current,city=Berlin;unit=celsius,city=Berlin;unit=celsius,GetCurrentWeather,GetCurrentWeather,True,True,True,True,True,True
I need a quick weather read for Sydney.,Do you have a forecast for Sydney on June 25 in fahrenheit?,0.691629946231842,Weather,Weather,GetCurrentWeather,GetForecast,/weather/current,/weather/forecast,city=Sydney,city=Sydney;date=UNKNOWN,GetCurrentWeather,GetForecast,True,False,False,True,False,False
Can you check the sky conditions around Moscow?,"Can you check the weather around Berlin before I go out, using celsius?",0.5771687030792236,Weather,Weather,GetCurrentWeather,GetCurrentWeather,/weather/current,/weather/current,city=Moscow,city=Moscow,GetCurrentWeather,GetCurrentWeather,True,True,True,True,True,True
"Before I head out in Toronto, what is it like outside, using fahrenheit?",How cold is the temperature in Helsinki at the moment?,0.5662075281143188,Weather,Weather,GetCurrentWeather,GetTemperature,/weather/current,/weather/temperature,city=Toronto;unit=fahrenheit,city=Toronto;unit=fahrenheit,GetCurrentWeather,GetTemperature,True,False,False,True,False,False
Do I need a jacket if I am going out in Singapore now?,Do I need a coat in Lisbon today in celsius?,0.5208946466445923,Weather,Weather,GetCurrentWeather,GetTemperature,/weather/current,/weather/temperature,city=Singapore,city=Singapore,GetCurrentWeather,GetTemperature,True,False,False,True,False,False
Give me a quick read on conditions around Amsterdam.,Check the wind conditions in Amsterdam for me.,0.7568279504776001,Weather,Weather,GetCurrentWeather,GetWindSpeed,/weather/current,/weather/wind,city=Amsterdam,city=Amsterdam,GetCurrentWeather,GetWindSpeed,True,False,False,True,False,False
What is the weather forecast for Istanbul on tomorrow?,What is the temperature in Istanbul right now?,0.8244955539703369,Weather,Weather,GetForecast,GetTemperature,/weather/forecast,/weather/temperature,city=Istanbul;date=tomorrow,city=Istanbul,GetForecast,GetTemperature,True,False,False,False,False,False
Show me the forecast for Paris for Friday.,Show the present weather in Paris.,0.7599520683288574,Weather,Weather,GetForecast,GetCurrentWeather,/weather/forecast,/weather/current,city=Paris;date=Friday,city=Paris,GetForecast,GetCurrentWeather,True,False,False,False,False,False
Will it rain or snow in London on next Monday?,Give me a weather update for London today.,0.7107539772987366,Weather,Weather,GetForecast,GetCurrentWeather,/weather/forecast,/weather/current,city=London;date=next Monday,city=London,GetForecast,GetCurrentWeather,True,False,False,False,False,False
Give me the weather forecast for Barcelona on Saturday.,Give me a weather update for London today.,0.5923318266868591,Weather,Weather,GetForecast,GetCurrentWeather,/weather/forecast,/weather/current,city=Barcelona;date=Saturday,city=Barcelona,GetForecast,GetCurrentWeather,True,False,False,False,False,False
What will the weather be like in New York 2026-06-20 in celsius?,"Current weather in New York, please.",0.7491786479949951,Weather,Weather,GetForecast,GetCurrentWeather,/weather/forecast,/weather/current,city=New York;date=2026-06-20;unit=celsius,city=New York;unit=celsius,GetForecast,GetCurrentWeather,True,False,False,False,False,False
Check the forecasted conditions in Vienna for December 25.,Do you have a forecast for Sydney on June 25 in fahrenheit?,0.5614827275276184,Weather,Weather,GetForecast,GetForecast,/weather/forecast,/weather/forecast,city=Vienna;date=December 25,city=Vienna;date=UNKNOWN,GetForecast,GetForecast,True,True,True,False,True,False
I am planning around Dubai on next Thursday; get the forecast.,How is the weather feeling in Dubai at the moment?,0.663082480430603,Weather,Weather,GetForecast,GetCurrentWeather,/weather/forecast,/weather/current,city=Dubai;date=next Thursday,city=Dubai,GetForecast,GetCurrentWeather,True,False,False,False,False,False
Do you have a forecast for Sydney on June 25 in fahrenheit?,I need a quick weather read for Sydney.,0.691629946231842,Weather,Weather,GetForecast,GetCurrentWeather,/weather/forecast,/weather/current,city=Sydney;date=June 25;unit=fahrenheit,city=Sydney;unit=fahrenheit,GetForecast,GetCurrentWeather,True,False,False,False,False,False
Do you think Rome gets storms on next Wednesday?,Will it rain or snow in London on next Monday?,0.5109332799911499,Weather,Weather,GetForecast,GetForecast,/weather/forecast,/weather/forecast,city=Rome;date=next Wednesday,city=Rome;date=next Wednesday,GetForecast,GetForecast,True,True,True,True,True,True
Check whether Miami looks cold or warm on Sunday.,Do you have a forecast for Sydney on June 25 in fahrenheit?,0.430194616317749,Weather,Weather,GetForecast,GetForecast,/weather/forecast,/weather/forecast,city=Miami;date=Sunday,city=Miami;date=Sunday,GetForecast,GetForecast,True,True,True,True,True,True
Should I pack an umbrella for Moscow on New Year's Eve?,Can you check the sky conditions around Moscow?,0.4892804026603699,Weather,Weather,GetForecast,GetCurrentWeather,/weather/forecast,/weather/current,city=Moscow;date=New Year's Eve,city=Moscow,GetForecast,GetCurrentWeather,True,False,False,False,False,False
"For my plans in Lisbon on July 4, do I need indoor backup?",Do I need a coat in Lisbon today in celsius?,0.524988055229187,Weather,Weather,GetForecast,GetTemperature,/weather/forecast,/weather/temperature,city=Lisbon;date=July 4,city=Lisbon,GetForecast,GetTemperature,True,False,False,False,False,False
What's the air quality in Beijing today?,Give me the current air quality readings for Shanghai.,0.8290077447891235,Weather,Weather,GetAirQuality,GetAirQuality,/weather/air-quality,/weather/air-quality,city=Beijing,city=Beijing,GetAirQuality,GetAirQuality,True,True,True,True,True,True
Can you check the AQI for Delhi?,How is the AQI looking in Seoul?,0.5578001737594604,Weather,Weather,GetAirQuality,GetAirQuality,/weather/air-quality,/weather/air-quality,city=Delhi,city=Delhi,GetAirQuality,GetAirQuality,True,True,True,True,True,True
Show me the air quality and pollution level in Zurich right now.,Tell me the air quality and pollution situation around Mexico City.,0.6260936260223389,Weather,Weather,GetAirQuality,GetAirQuality,/weather/air-quality,/weather/air-quality,city=Zurich,city=Zurich,GetAirQuality,GetAirQuality,True,True,True,True,True,True
Give me the current air quality readings for Shanghai.,What's the air quality in Beijing today?,0.8290077447891235,Weather,Weather,GetAirQuality,GetAirQuality,/weather/air-quality,/weather/air-quality,city=Shanghai,city=Shanghai,GetAirQuality,GetAirQuality,True,True,True,True,True,True
Fetch the air quality index for Los Angeles.,Give me the current air quality readings for Shanghai.,0.6265175938606262,Weather,Weather,GetAirQuality,GetAirQuality,/weather/air-quality,/weather/air-quality,city=Los Angeles,city=Los Angeles,GetAirQuality,GetAirQuality,True,True,True,True,True,True
How is the AQI looking in Seoul?,Can you check the AQI for Delhi?,0.5578001737594604,Weather,Weather,GetAirQuality,GetAirQuality,/weather/air-quality,/weather/air-quality,city=Seoul,city=Seoul,GetAirQuality,GetAirQuality,True,True,True,True,True,True
Is the air quality in Cairo safe for a run?,What's the air quality in Beijing today?,0.5272679328918457,Weather,Weather,GetAirQuality,GetAirQuality,/weather/air-quality,/weather/air-quality,city=Cairo,city=Cairo,GetAirQuality,GetAirQuality,True,True,True,True,True,True
Tell me the air quality and pollution situation around Mexico City.,Show me the air quality and pollution level in Zurich right now.,0.6260936260223389,Weather,Weather,GetAirQuality,GetAirQuality,/weather/air-quality,/weather/air-quality,city=Mexico City,city=Mexico City,GetAirQuality,GetAirQuality,True,True,True,True,True,True
Should someone sensitive avoid outdoor exercise in São Paulo?,Is the air quality in Cairo safe for a run?,0.45630717277526855,Weather,Weather,GetAirQuality,GetAirQuality,/weather/air-quality,/weather/air-quality,city=São Paulo,city=UNKNOWN,GetAirQuality,GetAirQuality,True,True,True,False,True,False
How breathable is it outside in Jakarta?,Are outdoor tables likely to blow around in Bali?,0.4997362494468689,Weather,Weather,GetAirQuality,GetWindSpeed,/weather/air-quality,/weather/wind,city=Jakarta,city=Jakarta,GetAirQuality,GetWindSpeed,True,False,False,True,False,False
Would a mask be sensible outdoors in Karachi today?,How breathable is it outside in Jakarta?,0.3927432894706726,Weather,Weather,GetAirQuality,GetAirQuality,/weather/air-quality,/weather/air-quality,city=Karachi,city=Karachi,GetAirQuality,GetAirQuality,True,True,True,True,True,True
Is it a good day for children to play outside in Bangkok?,Help me plan the Bangkok to Mumbai leg on this coming Thursday.,0.4230614900588989,Weather,Travel,GetAirQuality,SearchFlight,/weather/air-quality,/travel/flights/search,city=Bangkok,from=UNKNOWN;to=UNKNOWN;date=UNKNOWN,GetAirQuality,SearchFlight,False,False,False,False,False,False
What is the temperature in Istanbul right now?,What's the weather like in Istanbul right now?,0.8823465704917908,Weather,Weather,GetTemperature,GetCurrentWeather,/weather/temperature,/weather/current,city=Istanbul,city=Istanbul,GetTemperature,GetCurrentWeather,True,False,False,True,False,False
Show me the current temperature for Phoenix in fahrenheit.,What is the temperature in Istanbul right now?,0.5466592311859131,Weather,Weather,GetTemperature,GetTemperature,/weather/temperature,/weather/temperature,city=Phoenix;unit=fahrenheit,city=Phoenix;unit=fahrenheit,GetTemperature,GetTemperature,True,True,True,True,True,True
"What is the temperature in Reykjavik today, in celsius?",How cold is the temperature in Helsinki at the moment?,0.6866136789321899,Weather,Weather,GetTemperature,GetTemperature,/weather/temperature,/weather/temperature,city=Reykjavik;unit=celsius,city=Reykjavik;unit=celsius,GetTemperature,GetTemperature,True,True,True,True,True,True
How cold is the temperature in Helsinki at the moment?,"What is the temperature in Reykjavik today, in celsius?",0.6866136789321899,Weather,Weather,GetTemperature,GetTemperature,/weather/temperature,/weather/temperature,city=Helsinki,city=Helsinki,GetTemperature,GetTemperature,True,True,True,True,True,True
Give me the temperature reading in Mumbai.,Tell me the current weather conditions in Tokyo.,0.6136527061462402,Weather,Weather,GetTemperature,GetCurrentWeather,/weather/temperature,/weather/current,city=Mumbai,city=Mumbai,GetTemperature,GetCurrentWeather,True,False,False,True,False,False
What temperature should I expect in Buenos Aires now?,Give me the temperature reading in Mumbai.,0.601992130279541,Weather,Weather,GetTemperature,GetTemperature,/weather/temperature,/weather/temperature,city=Buenos Aires,city=Buenos Aires,GetTemperature,GetTemperature,True,True,True,True,True,True
Is the temperature in Nairobi hot or cold today?,How cold is the temperature in Helsinki at the moment?,0.6141857504844666,Weather,Weather,GetTemperature,GetTemperature,/weather/temperature,/weather/temperature,city=Nairobi,city=Nairobi,GetTemperature,GetTemperature,True,True,True,True,True,True
Check the temperature outside in Riyadh.,"What is the temperature in Reykjavik today, in celsius?",0.591899037361145,Weather,Weather,GetTemperature,GetTemperature,/weather/temperature,/weather/temperature,city=Riyadh,city=Riyadh,GetTemperature,GetTemperature,True,True,True,True,True,True
Do I need a coat in Lisbon today in celsius?,"Can I dress lightly in Oslo this afternoon, in fahrenheit?",0.5529252886772156,Weather,Weather,GetTemperature,GetTemperature,/weather/temperature,/weather/temperature,city=Lisbon;unit=celsius,city=Lisbon;unit=celsius,GetTemperature,GetTemperature,True,True,True,True,True,True
Is Cape Town chilly right now?,Is the temperature in Nairobi hot or cold today?,0.5722094178199768,Weather,Weather,GetTemperature,GetTemperature,/weather/temperature,/weather/temperature,city=Cape Town,city=UNKNOWN,GetTemperature,GetTemperature,True,True,True,False,True,False
"Can I dress lightly in Oslo this afternoon, in fahrenheit?",Do I need a coat in Lisbon today in celsius?,0.5529252886772156,Weather,Weather,GetTemperature,GetTemperature,/weather/temperature,/weather/temperature,city=Oslo;unit=fahrenheit,city=UNKNOWN;unit=fahrenheit,GetTemperature,GetTemperature,True,True,True,False,True,False
"Before I go out in Kuala Lumpur, should I expect it to feel warm?",How is the weather feeling in Dubai at the moment?,0.519778311252594,Weather,Weather,GetTemperature,GetCurrentWeather,/weather/temperature,/weather/current,city=Kuala Lumpur,city=UNKNOWN,GetTemperature,GetCurrentWeather,True,False,False,False,False,False
What is the wind speed in Chicago right now?,Tell me the wind speed before I cycle in Edinburgh.,0.6382156610488892,Weather,Weather,GetWindSpeed,GetWindSpeed,/weather/wind,/weather/wind,city=Chicago,city=UNKNOWN,GetWindSpeed,GetWindSpeed,True,True,True,False,True,False
Check the wind conditions in Amsterdam for me.,Give me a quick read on conditions around Amsterdam.,0.7568279504776001,Weather,Weather,GetWindSpeed,GetCurrentWeather,/weather/wind,/weather/current,city=Amsterdam,city=Amsterdam,GetWindSpeed,GetCurrentWeather,True,False,False,True,False,False
How strong are the winds in Wellington today?,Is it windy in Dublin at the moment?,0.6354741454124451,Weather,Weather,GetWindSpeed,GetWindSpeed,/weather/wind,/weather/wind,city=Wellington,city=UNKNOWN,GetWindSpeed,GetWindSpeed,True,True,True,False,True,False
Is it windy in Dublin at the moment?,How strong are the winds in Wellington today?,0.6354741454124451,Weather,Weather,GetWindSpeed,GetWindSpeed,/weather/wind,/weather/wind,city=Dublin,city=UNKNOWN,GetWindSpeed,GetWindSpeed,True,True,True,False,True,False
Give me the wind report for Copenhagen.,Check the wind conditions in Amsterdam for me.,0.6672449707984924,Weather,Weather,GetWindSpeed,GetWindSpeed,/weather/wind,/weather/wind,city=Copenhagen,city=UNKNOWN,GetWindSpeed,GetWindSpeed,True,True,True,False,True,False
What are the wind conditions around Casablanca now?,What is the wind speed in Chicago right now?,0.5882083773612976,Weather,Weather,GetWindSpeed,GetWindSpeed,/weather/wind,/weather/wind,city=Casablanca,city=UNKNOWN,GetWindSpeed,GetWindSpeed,True,True,True,False,True,False
Tell me the wind speed before I cycle in Edinburgh.,What is the wind speed in Chicago right now?,0.6382156610488892,Weather,Weather,GetWindSpeed,GetWindSpeed,/weather/wind,/weather/wind,city=Edinburgh,city=UNKNOWN,GetWindSpeed,GetWindSpeed,True,True,True,False,True,False
Is the wind in Honolulu strong enough to affect sailing?,How strong are the winds in Wellington today?,0.5698096752166748,Weather,Weather,GetWindSpeed,GetWindSpeed,/weather/wind,/weather/wind,city=Honolulu,city=UNKNOWN,GetWindSpeed,GetWindSpeed,True,True,True,False,True,False
Tell me if Doha has strong gusts right now.,How is the weather feeling in Dubai at the moment?,0.5526000261306763,Weather,Weather,GetWindSpeed,GetCurrentWeather,/weather/wind,/weather/current,city=Doha,city=UNKNOWN,GetWindSpeed,GetCurrentWeather,True,False,False,False,False,False
Are outdoor tables likely to blow around in Bali?,Any rooms around Bali for 10 nights after December 23?,0.5153342485427856,Weather,Travel,GetWindSpeed,SearchHotel,/weather/wind,/travel/hotels/search,city=Bali,city=UNKNOWN;checkIn=UNKNOWN;nights=UNKNOWN,GetWindSpeed,SearchHotel,False,False,False,False,False,False
Should I avoid a kite lesson in Marseille today?,Give me the wind report for Copenhagen.,0.4071486294269562,Weather,Weather,GetWindSpeed,GetWindSpeed,/weather/wind,/weather/wind,city=Marseille,city=UNKNOWN,GetWindSpeed,GetWindSpeed,True,True,True,False,True,False
Will it feel calm enough for a waterfront walk in Lisbon?,Do I need a coat in Lisbon today in celsius?,0.4929628074169159,Weather,Weather,GetWindSpeed,GetTemperature,/weather/wind,/weather/temperature,city=Lisbon,city=Lisbon,GetWindSpeed,GetTemperature,True,False,False,True,False,False
Find flights from London to Paris on June 25.,Find hotels in Paris for 3 nights starting June 20.,0.5956261157989502,Travel,Travel,SearchFlight,SearchHotel,/travel/flights/search,/travel/hotels/search,from=London;to=Paris;date=June 25,city=London;checkIn=UNKNOWN;nights=UNKNOWN,SearchFlight,SearchHotel,True,False,False,False,False,False
Search for a flight leaving New York for Tokyo on July 10.,Search hotel options in Tokyo from July 5 for 7 nights.,0.564849853515625,Travel,Travel,SearchFlight,SearchHotel,/travel/flights/search,/travel/hotels/search,from=New York;to=Tokyo;date=July 10,city=Tokyo;checkIn=UNKNOWN;nights=UNKNOWN,SearchFlight,SearchHotel,True,False,False,False,False,False
Show available flights from Dubai to Bali on August 1.,Show available hotels in Dubai checking in August 10 for 5 nights.,0.5430159568786621,Travel,Travel,SearchFlight,SearchHotel,/travel/flights/search,/travel/hotels/search,from=Dubai;to=Bali;date=August 1,city=Dubai;checkIn=UNKNOWN;nights=UNKNOWN,SearchFlight,SearchHotel,True,False,False,False,False,False
What flights go from Istanbul to Berlin on next Friday?,What hotel options are open in Istanbul on this Friday for 5 nights?,0.599798321723938,Travel,Travel,SearchFlight,SearchHotel,/travel/flights/search,/travel/hotels/search,from=Istanbul;to=Berlin;date=next Friday,city=Istanbul;checkIn=next Friday;nights=UNKNOWN,SearchFlight,SearchHotel,True,False,False,False,False,False
Look up flight options between Sydney and Singapore for September 15.,"Check hotel stays in Singapore, starting November 15, for 3 nights.",0.5513633489608765,Travel,Travel,SearchFlight,SearchHotel,/travel/flights/search,/travel/hotels/search,from=Sydney;to=Singapore;date=September 15,city=Sydney;checkIn=UNKNOWN;nights=UNKNOWN,SearchFlight,SearchHotel,True,False,False,False,False,False
I need a flight from Toronto to Mexico City on 2026-07-04.,Search for a flight leaving New York for Tokyo on July 10.,0.5418217182159424,Travel,Travel,SearchFlight,SearchFlight,/travel/flights/search,/travel/flights/search,from=Toronto;to=Mexico City;date=2026-07-04,from=Toronto;to=Mexico City;date=2026-07-04,SearchFlight,SearchFlight,True,True,True,True,True,True
Which flight can take me from Cairo to Rome on Monday?,What flights go from Istanbul to Berlin on next Friday?,0.5339272618293762,Travel,Travel,SearchFlight,SearchFlight,/travel/flights/search,/travel/flights/search,from=Cairo;to=Rome;date=Monday,from=Cairo;to=Rome;date=Monday,SearchFlight,SearchFlight,True,True,True,True,True,True
Check flight connections from Amsterdam to Seoul on June 30.,Find flights from London to Paris on June 25.,0.568428635597229,Travel,Travel,SearchFlight,SearchFlight,/travel/flights/search,/travel/flights/search,from=Amsterdam;to=Seoul;date=June 30,from=Amsterdam;to=Seoul;date=UNKNOWN,SearchFlight,SearchFlight,True,True,True,False,True,False
What routes are available from Johannesburg to Nairobi on December 20?,Is the temperature in Nairobi hot or cold today?,0.5384278893470764,Travel,Weather,SearchFlight,GetTemperature,/travel/flights/search,/weather/temperature,from=Johannesburg;to=Nairobi;date=December 20,city=Nairobi,SearchFlight,GetTemperature,False,False,False,False,False,False
Can you check connections from Madrid to Buenos Aires on October 5?,Check flight connections from Amsterdam to Seoul on June 30.,0.4484933912754059,Travel,Travel,SearchFlight,SearchFlight,/travel/flights/search,/travel/flights/search,from=Madrid;to=Buenos Aires;date=October 5,from=Madrid;to=Buenos Aires;date=UNKNOWN,SearchFlight,SearchFlight,True,True,True,False,True,False
Help me plan the Bangkok to Mumbai leg on this coming Thursday.,Is it a good day for children to play outside in Bangkok?,0.4230614900588989,Travel,Weather,SearchFlight,GetAirQuality,/travel/flights/search,/weather/air-quality,from=Bangkok;to=Mumbai;date=this coming Thursday,city=Bangkok,SearchFlight,GetAirQuality,False,False,False,False,False,False
I have to be in Lisbon after leaving Vienna on November 11; what are my options?,"For my plans in Lisbon on July 4, do I need indoor backup?",0.5237915515899658,Travel,Weather,SearchFlight,GetForecast,/travel/flights/search,/weather/forecast,from=Vienna;to=Lisbon;date=November 11,city=Vienna;date=UNKNOWN,SearchFlight,GetForecast,False,False,False,False,False,False
Book flight FL123 for passenger John Smith.,Book flight QR100 and put Omar Abdullah on it.,0.4911031126976013,Travel,Travel,BookFlight,BookFlight,/travel/flights/book,/travel/flights/book,flightId=FL123;passengerName=John Smith,flightId=FL123;passengerName=John Smith,BookFlight,BookFlight,True,True,True,True,True,True
Reserve flight EK456 under the name Maria Garcia.,Please reserve flight LH830; the passenger is Priya Sharma.,0.529800295829773,Travel,Travel,BookFlight,BookFlight,/travel/flights/book,/travel/flights/book,flightId=EK456;passengerName=Maria Garcia,flightId=UNKNOWN;passengerName=UNKNOWN,BookFlight,BookFlight,True,True,True,False,True,False
Please book flight TK789 for Ahmed Al-Rashid.,Book flight QR100 and put Omar Abdullah on it.,0.5707864761352539,Travel,Travel,BookFlight,BookFlight,/travel/flights/book,/travel/flights/book,flightId=TK789;passengerName=Ahmed Al-Rashid,flightId=UNKNOWN;passengerName=UNKNOWN,BookFlight,BookFlight,True,True,True,False,True,False
Confirm the booking for flight BA202 for Emily Johnson.,Cancel flight booking B00123.,0.5876846313476562,Travel,Travel,BookFlight,CancelFlight,/travel/flights/book,/travel/flights/cancel,flightId=BA202;passengerName=Emily Johnson,bookingId=UNKNOWN,BookFlight,CancelFlight,True,False,False,False,False,False
I want to reserve flight SQ315 for Liu Wei.,Please reserve flight LH830; the passenger is Priya Sharma.,0.566128671169281,Travel,Travel,BookFlight,BookFlight,/travel/flights/book,/travel/flights/book,flightId=SQ315;passengerName=Liu Wei,flightId=UNKNOWN;passengerName=UNKNOWN,BookFlight,BookFlight,True,True,True,False,True,False
Can you book flight AF550 with passenger Pierre Dupont?,Please book flight TK789 for Ahmed Al-Rashid.,0.5339374542236328,Travel,Travel,BookFlight,BookFlight,/travel/flights/book,/travel/flights/book,flightId=AF550;passengerName=Pierre Dupont,flightId=UNKNOWN;passengerName=Pierre Dupont,BookFlight,BookFlight,True,True,True,False,True,False
Please reserve flight LH830; the passenger is Priya Sharma.,I want to reserve flight SQ315 for Liu Wei.,0.566128671169281,Travel,Travel,BookFlight,BookFlight,/travel/flights/book,/travel/flights/book,flightId=LH830;passengerName=Priya Sharma,flightId=UNKNOWN;passengerName=UNKNOWN,BookFlight,BookFlight,True,True,True,False,True,False
Book flight QR100 and put Omar Abdullah on it.,Please book flight TK789 for Ahmed Al-Rashid.,0.5707864761352539,Travel,Travel,BookFlight,BookFlight,/travel/flights/book,/travel/flights/book,flightId=QR100;passengerName=Omar Abdullah,flightId=UNKNOWN;passengerName=UNKNOWN,BookFlight,BookFlight,True,True,True,False,True,False
Register Sarah O'Brien for AA77.,Confirm the booking for flight BA202 for Emily Johnson.,0.3711814880371094,Travel,Travel,BookFlight,BookFlight,/travel/flights/book,/travel/flights/book,flightId=AA77;passengerName=Sarah O'Brien,flightId=UNKNOWN;passengerName=UNKNOWN,BookFlight,BookFlight,True,True,True,False,True,False
Go ahead with UA990; passenger name is Carlos Rivera.,Reserve flight EK456 under the name Maria Garcia.,0.40443816781044006,Travel,Travel,BookFlight,BookFlight,/travel/flights/book,/travel/flights/book,flightId=UA990;passengerName=Carlos Rivera,flightId=UNKNOWN;passengerName=UNKNOWN,BookFlight,BookFlight,True,True,True,False,True,False
Make Kenji Tanaka's seat official on IB640.,Book flight QR100 and put Omar Abdullah on it.,0.3806019723415375,Travel,Travel,BookFlight,BookFlight,/travel/flights/book,/travel/flights/book,flightId=IB640;passengerName=Kenji Tanaka,flightId=UNKNOWN;passengerName=UNKNOWN,BookFlight,BookFlight,True,True,True,False,True,False
Finish the travel purchase for Fatima Al-Amin on EY350.,Book flight QR100 and put Omar Abdullah on it.,0.43154609203338623,Travel,Travel,BookFlight,BookFlight,/travel/flights/book,/travel/flights/book,flightId=EY350;passengerName=Fatima Al-Amin,flightId=UNKNOWN;passengerName=UNKNOWN,BookFlight,BookFlight,True,True,True,False,True,False
Cancel flight booking B00123.,Cancel my upcoming flight with booking ID BK-4567.,0.832161009311676,Travel,Travel,CancelFlight,CancelFlight,/travel/flights/cancel,/travel/flights/cancel,bookingId=B00123,bookingId=UNKNOWN,CancelFlight,CancelFlight,True,True,True,False,True,False
I need to cancel my flight reservation FLT-8821.,Cancel flight booking B00123.,0.7417358160018921,Travel,Travel,CancelFlight,CancelFlight,/travel/flights/cancel,/travel/flights/cancel,bookingId=FLT-8821,bookingId=UNKNOWN,CancelFlight,CancelFlight,True,True,True,False,True,False
Please cancel the flight tied to booking TKT-990.,Cancel flight booking B00123.,0.7125544548034668,Travel,Travel,CancelFlight,CancelFlight,/travel/flights/cancel,/travel/flights/cancel,bookingId=TKT-990,bookingId=UNKNOWN,CancelFlight,CancelFlight,True,True,True,False,True,False
Cancel my upcoming flight with booking ID BK-4567.,Cancel flight booking B00123.,0.832161009311676,Travel,Travel,CancelFlight,CancelFlight,/travel/flights/cancel,/travel/flights/cancel,bookingId=BK-4567,bookingId=UNKNOWN,CancelFlight,CancelFlight,True,True,True,False,True,False
Cancel the flight booking reference 20039.,Cancel flight booking B00123.,0.7891831994056702,Travel,Travel,CancelFlight,CancelFlight,/travel/flights/cancel,/travel/flights/cancel,bookingId=20039,bookingId=UNKNOWN,CancelFlight,CancelFlight,True,True,True,False,True,False
My travel changed; cancel flight booking REF-7732.,Cancel flight booking B00123.,0.708737313747406,Travel,Travel,CancelFlight,CancelFlight,/travel/flights/cancel,/travel/flights/cancel,bookingId=REF-7732,bookingId=UNKNOWN,CancelFlight,CancelFlight,True,True,True,False,True,False
"I cannot take the flight, so cancel booking 55AB-X.",Cancel flight booking B00123.,0.699795663356781,Travel,Travel,CancelFlight,CancelFlight,/travel/flights/cancel,/travel/flights/cancel,bookingId=55AB-X,bookingId=UNKNOWN,CancelFlight,CancelFlight,True,True,True,False,True,False
Cancel flight reservation TRIP-1820 for me.,Cancel flight booking B00123.,0.7797983288764954,Travel,Travel,CancelFlight,CancelFlight,/travel/flights/cancel,/travel/flights/cancel,bookingId=TRIP-1820,bookingId=UNKNOWN,CancelFlight,CancelFlight,True,True,True,False,True,False
Stop the ticket associated with PNR-3344.,Cancel the flight booking reference 20039.,0.6040500998497009,Travel,Travel,CancelFlight,CancelFlight,/travel/flights/cancel,/travel/flights/cancel,bookingId=PNR-3344,bookingId=UNKNOWN,CancelFlight,CancelFlight,True,True,True,False,True,False
I will not be flying on CNX-001; close it out.,Please cancel the flight tied to booking TKT-990.,0.4605332911014557,Travel,Travel,CancelFlight,CancelFlight,/travel/flights/cancel,/travel/flights/cancel,bookingId=CNX-001,bookingId=UNKNOWN,CancelFlight,CancelFlight,True,True,True,False,True,False
"Plans changed, so FLIGHT-66Z needs to go away.","I cannot take the flight, so cancel booking 55AB-X.",0.4670262932777405,Travel,Travel,CancelFlight,CancelFlight,/travel/flights/cancel,/travel/flights/cancel,bookingId=FLIGHT-66Z,bookingId=UNKNOWN,CancelFlight,CancelFlight,True,True,True,False,True,False
Can you make sure VF-2209 is not active anymore?,Check availability for product SKU-77892.,0.3486484885215759,Travel,Product,CancelFlight,CheckProductAvailability,/travel/flights/cancel,/products/availability,bookingId=VF-2209,productId=UNKNOWN,CancelFlight,CheckProductAvailability,False,False,False,False,False,False
Find hotels in Paris for 3 nights starting June 20.,Find flights from London to Paris on June 25.,0.5956261157989502,Travel,Travel,SearchHotel,SearchFlight,/travel/hotels/search,/travel/flights/search,city=Paris;checkIn=June 20;nights=3,from=UNKNOWN;to=UNKNOWN;date=UNKNOWN,SearchHotel,SearchFlight,True,False,False,False,False,False
Search hotel options in Tokyo from July 5 for 7 nights.,Please book hotel HTL-330 under Yuki Nakamura for 5 nights.,0.6496614813804626,Travel,Travel,SearchHotel,BookHotel,/travel/hotels/search,/travel/hotels/book,city=Tokyo;checkIn=July 5;nights=7,hotelId=UNKNOWN;guestName=UNKNOWN;nights=7,SearchHotel,BookHotel,True,False,False,False,False,False
Show available hotels in Dubai checking in August 10 for 5 nights.,Find hotels in Paris for 3 nights starting June 20.,0.5763506889343262,Travel,Travel,SearchHotel,SearchHotel,/travel/hotels/search,/travel/hotels/search,city=Dubai;checkIn=August 10;nights=5,city=Dubai;checkIn=UNKNOWN;nights=5,SearchHotel,SearchHotel,True,True,True,False,True,False
I need a hotel in New York from next Monday for 2 nights.,What hotel options are open in Istanbul on this Friday for 5 nights?,0.6019578576087952,Travel,Travel,SearchHotel,SearchHotel,/travel/hotels/search,/travel/hotels/search,city=New York;checkIn=next Monday;nights=2,city=New York;checkIn=next Monday;nights=2,SearchHotel,SearchHotel,True,True,True,True,True,True
Look up hotel availability in Barcelona beginning September 1 for 4 nights.,Find hotels in Paris for 3 nights starting June 20.,0.5946565866470337,Travel,Travel,SearchHotel,SearchHotel,/travel/hotels/search,/travel/hotels/search,city=Barcelona;checkIn=September 1;nights=4,city=Barcelona;checkIn=UNKNOWN;nights=4,SearchHotel,SearchHotel,True,True,True,False,True,False
Any hotel rooms in Rome from October 10 for 6 nights?,What hotel options are open in Istanbul on this Friday for 5 nights?,0.6531751155853271,Travel,Travel,SearchHotel,SearchHotel,/travel/hotels/search,/travel/hotels/search,city=Rome;checkIn=October 10;nights=6,city=Rome;checkIn=UNKNOWN;nights=6,SearchHotel,SearchHotel,True,True,True,False,True,False
"Check hotel stays in Singapore, starting November 15, for 3 nights.",Search hotel options in Tokyo from July 5 for 7 nights.,0.5869764089584351,Travel,Travel,SearchHotel,SearchHotel,/travel/hotels/search,/travel/hotels/search,city=Singapore;checkIn=November 15;nights=3,city=Singapore;checkIn=UNKNOWN;nights=3,SearchHotel,SearchHotel,True,True,True,False,True,False
What hotel options are open in Istanbul on this Friday for 5 nights?,Any hotel rooms in Rome from October 10 for 6 nights?,0.6531751155853271,Travel,Travel,SearchHotel,SearchHotel,/travel/hotels/search,/travel/hotels/search,city=Istanbul;checkIn=this Friday;nights=5,city=Istanbul;checkIn=Friday;nights=5,SearchHotel,SearchHotel,True,True,True,False,True,False
Any rooms around Bali for 10 nights after December 23?,Any hotel rooms in Rome from October 10 for 6 nights?,0.6338949203491211,Travel,Travel,SearchHotel,SearchHotel,/travel/hotels/search,/travel/hotels/search,city=Bali;checkIn=December 23;nights=10,city=UNKNOWN;checkIn=UNKNOWN;nights=10,SearchHotel,SearchHotel,True,True,True,False,True,False
Where can I sleep in Amsterdam from January 3 for 2 nights?,Give me a quick read on conditions around Amsterdam.,0.6387247443199158,Travel,Weather,SearchHotel,GetCurrentWeather,/travel/hotels/search,/weather/current,city=Amsterdam;checkIn=January 3;nights=2,city=Amsterdam,SearchHotel,GetCurrentWeather,False,False,False,False,False,False
"Help me sort lodging in Sydney, March 15, for 8 nights.",Any rooms around Bali for 10 nights after December 23?,0.5392618179321289,Travel,Travel,SearchHotel,SearchHotel,/travel/hotels/search,/travel/hotels/search,city=Sydney;checkIn=March 15;nights=8,city=Sydney;checkIn=UNKNOWN;nights=8,SearchHotel,SearchHotel,True,True,True,False,True,False
I need somewhere in Marrakech for 4 nights beginning April 5.,Any rooms around Bali for 10 nights after December 23?,0.5261930227279663,Travel,Travel,SearchHotel,SearchHotel,/travel/hotels/search,/travel/hotels/search,city=Marrakech;checkIn=April 5;nights=4,city=UNKNOWN;checkIn=UNKNOWN;nights=4,SearchHotel,SearchHotel,True,True,True,False,True,False
Book hotel H-5520 for James Miller for 3 nights.,Please book hotel HTL-330 under Yuki Nakamura for 5 nights.,0.6668434143066406,Travel,Travel,BookHotel,BookHotel,/travel/hotels/book,/travel/hotels/book,hotelId=H-5520;guestName=James Miller;nights=3,hotelId=UNKNOWN;guestName=UNKNOWN;nights=3,BookHotel,BookHotel,True,True,True,False,True,False
Reserve hotel GRAND-09 for Ana Petrova for 2 nights.,I want to reserve hotel PLAZA-77 for Leila Ahmadi for 7 nights.,0.620847225189209,Travel,Travel,BookHotel,BookHotel,/travel/hotels/book,/travel/hotels/book,hotelId=GRAND-09;guestName=Ana Petrova;nights=2,hotelId=UNKNOWN;guestName=UNKNOWN;nights=2,BookHotel,BookHotel,True,True,True,False,True,False
Please book hotel HTL-330 under Yuki Nakamura for 5 nights.,Book hotel H-5520 for James Miller for 3 nights.,0.6668434143066406,Travel,Travel,BookHotel,BookHotel,/travel/hotels/book,/travel/hotels/book,hotelId=HTL-330;guestName=Yuki Nakamura;nights=5,hotelId=UNKNOWN;guestName=UNKNOWN;nights=5,BookHotel,BookHotel,True,True,True,False,True,False
Confirm the hotel booking at AZURE-12 for Michael Brown for 1 night.,Please book hotel HTL-330 under Yuki Nakamura for 5 nights.,0.5761816501617432,Travel,Travel,BookHotel,BookHotel,/travel/hotels/book,/travel/hotels/book,hotelId=AZURE-12;guestName=Michael Brown;nights=1,hotelId=UNKNOWN;guestName=UNKNOWN;nights=1,BookHotel,BookHotel,True,True,True,False,True,False
I want to reserve hotel PLAZA-77 for Leila Ahmadi for 7 nights.,Reserve hotel GRAND-09 for Ana Petrova for 2 nights.,0.620847225189209,Travel,Travel,BookHotel,BookHotel,/travel/hotels/book,/travel/hotels/book,hotelId=PLAZA-77;guestName=Leila Ahmadi;nights=7,hotelId=UNKNOWN;guestName=UNKNOWN;nights=7,BookHotel,BookHotel,True,True,True,False,True,False
Can you book hotel HILTON-X for guest Daniel Kim for 4 nights?,Please book hotel HTL-330 under Yuki Nakamura for 5 nights.,0.6291751861572266,Travel,Travel,BookHotel,BookHotel,/travel/hotels/book,/travel/hotels/book,hotelId=HILTON-X;guestName=Daniel Kim;nights=4,hotelId=UNKNOWN;guestName=Daniel Kim;nights=4,BookHotel,BookHotel,True,True,True,False,True,False
"Reserve hotel RESORT-88; guest name Sophie Martin, stay length 6 nights.",Reserve hotel GRAND-09 for Ana Petrova for 2 nights.,0.6193466782569885,Travel,Travel,BookHotel,BookHotel,/travel/hotels/book,/travel/hotels/book,hotelId=RESORT-88;guestName=Sophie Martin;nights=6,hotelId=UNKNOWN;guestName=UNKNOWN;nights=6,BookHotel,BookHotel,True,True,True,False,True,False
Book hotel INN-200 so Ravi Patel has it for 3 nights.,Book hotel H-5520 for James Miller for 3 nights.,0.6141053438186646,Travel,Travel,BookHotel,BookHotel,/travel/hotels/book,/travel/hotels/book,hotelId=INN-200;guestName=Ravi Patel;nights=3,hotelId=UNKNOWN;guestName=UNKNOWN;nights=3,BookHotel,BookHotel,True,True,True,False,True,False
"Hold a room at SUITES-55 for Elena Popescu, 2 nights.",Reserve hotel GRAND-09 for Ana Petrova for 2 nights.,0.5677408576011658,Travel,Travel,BookHotel,BookHotel,/travel/hotels/book,/travel/hotels/book,hotelId=SUITES-55;guestName=Elena Popescu;nights=2,hotelId=UNKNOWN;guestName=UNKNOWN;nights=2,BookHotel,BookHotel,True,True,True,False,True,False
Finalize Chris Evans's stay at BEACH-40 for 10 nights.,Confirm the hotel booking at AZURE-12 for Michael Brown for 1 night.,0.4632505178451538,Travel,Travel,BookHotel,BookHotel,/travel/hotels/book,/travel/hotels/book,hotelId=BEACH-40;guestName=Chris Evans;nights=10,hotelId=UNKNOWN;guestName=UNKNOWN;nights=10,BookHotel,BookHotel,True,True,True,False,True,False
Make sure Amara Diallo has lodging at MANOR-15 for 3 nights.,Book hotel INN-200 so Ravi Patel has it for 3 nights.,0.5003265142440796,Travel,Travel,BookHotel,BookHotel,/travel/hotels/book,/travel/hotels/book,hotelId=MANOR-15;guestName=Amara Diallo;nights=3,hotelId=UNKNOWN;guestName=UNKNOWN;nights=3,BookHotel,BookHotel,True,True,True,False,True,False
Lock in VISTA-22 for Omar Hassan over 5 nights.,Book flight QR100 and put Omar Abdullah on it.,0.433937668800354,Travel,Travel,BookHotel,BookFlight,/travel/hotels/book,/travel/flights/book,hotelId=VISTA-22;guestName=Omar Hassan;nights=5,flightId=UNKNOWN;passengerName=UNKNOWN,BookHotel,BookFlight,True,False,False,False,False,False
Search product options for wireless headphones under $100.,What product options do you have for noise-cancelling earbuds in electronics?,0.5097265243530273,Product,Product,SearchProduct,SearchProduct,/products/search,/products/search,keyword=wireless headphones;maxPrice=100,keyword=headphones,SearchProduct,SearchProduct,True,True,True,False,True,False
Find me product results for running shoes in sports.,Show the tradeoffs between SHOE-RED and SHOE-BLUE.,0.4266018867492676,Product,Product,SearchProduct,CompareProducts,/products/search,/products/compare,keyword=running shoes;category=sports,productId1=UNKNOWN;productId2=UNKNOWN,SearchProduct,CompareProducts,True,False,False,False,False,False
Show products matching laptop under $800.,Show the product difference between LAPTOP-A and LAPTOP-B.,0.5979263782501221,Product,Product,SearchProduct,CompareProducts,/products/search,/products/compare,keyword=laptop;maxPrice=800,productId1=UNKNOWN;productId2=UNKNOWN,SearchProduct,CompareProducts,True,False,False,False,False,False
Look up product listings for coffee maker in kitchen.,Point me toward decent robot vacuum cleaner.,0.25111114978790283,Product,Product,SearchProduct,SearchProduct,/products/search,/products/search,keyword=coffee maker;category=kitchen,keyword=UNKNOWN,SearchProduct,SearchProduct,True,True,True,False,True,False
Browse products for yoga mat under $50.,Pull up product matches for ergonomic office desk under $300.,0.45795732736587524,Product,Product,SearchProduct,SearchProduct,/products/search,/products/search,keyword=yoga mat;maxPrice=50,keyword=UNKNOWN,SearchProduct,SearchProduct,True,True,True,False,True,False
I am looking for product choices: gaming chair.,Browse products for yoga mat under $50.,0.4189513921737671,Product,Product,SearchProduct,SearchProduct,/products/search,/products/search,keyword=gaming chair,keyword=chair,SearchProduct,SearchProduct,True,True,True,False,True,False
What product options do you have for noise-cancelling earbuds in electronics?,Search product options for wireless headphones under $100.,0.5097265243530273,Product,Product,SearchProduct,SearchProduct,/products/search,/products/search,keyword=noise-cancelling earbuds;category=electronics,keyword=UNKNOWN;category=electronics,SearchProduct,SearchProduct,True,True,True,False,True,False
Pull up product matches for ergonomic office desk under $300.,Show products matching laptop under $800.,0.47542044520378113,Product,Product,SearchProduct,SearchProduct,/products/search,/products/search,keyword=ergonomic office desk;maxPrice=300,keyword=UNKNOWN,SearchProduct,SearchProduct,True,True,True,False,True,False
Help me shop for winter jacket in clothing.,Do I need a jacket if I am going out in Singapore now?,0.42206987738609314,Product,Weather,SearchProduct,GetCurrentWeather,/products/search,/weather/current,keyword=winter jacket;category=clothing,city=UNKNOWN,SearchProduct,GetCurrentWeather,False,False,False,False,False,False
Can you show alternatives for portable Bluetooth speaker?,Search product options for wireless headphones under $100.,0.4550236165523529,Product,Product,SearchProduct,SearchProduct,/products/search,/products/search,keyword=portable Bluetooth speaker,keyword=UNKNOWN,SearchProduct,SearchProduct,True,True,True,False,True,False
I need ideas for buying vitamin supplement in health under $30.,Browse products for yoga mat under $50.,0.3596235513687134,Product,Product,SearchProduct,SearchProduct,/products/search,/products/search,keyword=vitamin supplement;category=health;maxPrice=30,keyword=UNKNOWN,SearchProduct,SearchProduct,True,True,True,False,True,False
Point me toward decent robot vacuum cleaner.,Does VACUUM-3000 have happy owners or complaints?,0.4359995722770691,Product,Product,SearchProduct,GetProductReviews,/products/search,/products/reviews,keyword=robot vacuum cleaner,productId=UNKNOWN,SearchProduct,GetProductReviews,True,False,False,False,False,False
Give me the product details for P-1023.,Show me the product reviews for P-1023.,0.7940373420715332,Product,Product,GetProductDetails,GetProductReviews,/products/details,/products/reviews,productId=P-1023,productId=UNKNOWN,GetProductDetails,GetProductReviews,True,False,False,False,False,False
Show full information for product SKU-44891.,Check availability for product SKU-77892.,0.648191511631012,Product,Product,GetProductDetails,CheckProductAvailability,/products/details,/products/availability,productId=SKU-44891,productId=UNKNOWN,GetProductDetails,CheckProductAvailability,True,False,False,False,False,False
What are the product specs and details for PROD-772?,What are the reviews saying about product PROD-887?,0.6085623502731323,Product,Product,GetProductDetails,GetProductReviews,/products/details,/products/reviews,productId=PROD-772,productId=UNKNOWN,GetProductDetails,GetProductReviews,True,False,False,False,False,False
Fetch product information for B00X9QH3EY.,Show full information for product SKU-44891.,0.6445422172546387,Product,Product,GetProductDetails,GetProductDetails,/products/details,/products/details,productId=B00X9QH3EY,productId=UNKNOWN,GetProductDetails,GetProductDetails,True,True,True,False,True,False
Open the details page for product ABC-990.,Show full information for product SKU-44891.,0.5934078693389893,Product,Product,GetProductDetails,GetProductDetails,/products/details,/products/details,productId=ABC-990,productId=UNKNOWN,GetProductDetails,GetProductDetails,True,True,True,False,True,False
Tell me the product information listed for ITEM-33052.,Show full information for product SKU-44891.,0.6163787841796875,Product,Product,GetProductDetails,GetProductDetails,/products/details,/products/details,productId=ITEM-33052,productId=UNKNOWN,GetProductDetails,GetProductDetails,True,True,True,False,True,False
I need details about product GADGET-7.,Open the review section for product GADGET-9.,0.6215134263038635,Product,Product,GetProductDetails,GetProductReviews,/products/details,/products/reviews,productId=GADGET-7,productId=UNKNOWN,GetProductDetails,GetProductReviews,True,False,False,False,False,False
Pull up product details and specs for ZXY-001.,Give me the product details for P-1023.,0.4846612811088562,Product,Product,GetProductDetails,GetProductDetails,/products/details,/products/details,productId=ZXY-001,productId=UNKNOWN,GetProductDetails,GetProductDetails,True,True,True,False,True,False
Let me inspect item CAT-5580 before buying.,The item from SHIP-554 is not staying with me - no longer needed.,0.4706231951713562,Product,Order,GetProductDetails,ReturnOrder,/products/details,/orders/return,productId=CAT-5580,orderId=UNKNOWN,GetProductDetails,ReturnOrder,False,False,False,False,False,False
Give me the full rundown on PR-4455.,Show me the product reviews for P-1023.,0.40501075983047485,Product,Product,GetProductDetails,GetProductReviews,/products/details,/products/reviews,productId=PR-4455,productId=UNKNOWN,GetProductDetails,GetProductReviews,True,False,False,False,False,False
"Before I decide, what is TECH-2210 exactly?",Give me the product details for P-1023.,0.48118436336517334,Product,Product,GetProductDetails,GetProductDetails,/products/details,/products/details,productId=TECH-2210,productId=UNKNOWN,GetProductDetails,GetProductDetails,True,True,True,False,True,False
Show what comes with MODEL-X99.,Create a purchase for BUYER-123: 2 pieces of MODEL-ZX.,0.49293506145477295,Product,Order,GetProductDetails,CreateOrder,/products/details,/orders/create,productId=MODEL-X99,userId=UNKNOWN;productId=UNKNOWN;quantity=UNKNOWN,GetProductDetails,CreateOrder,False,False,False,False,False,False
Compare product P-100 and product P-200.,Compare the features of PROD-300 versus PROD-400.,0.6156619787216187,Product,Product,CompareProducts,CompareProducts,/products/compare,/products/compare,productId1=P-100;productId2=P-200,productId1=UNKNOWN;productId2=UNKNOWN,CompareProducts,CompareProducts,True,True,True,False,True,False
Compare product SKU-A001 with product SKU-B002.,Show full information for product SKU-44891.,0.591521680355072,Product,Product,CompareProducts,GetProductDetails,/products/compare,/products/details,productId1=SKU-A001;productId2=SKU-B002,productId=UNKNOWN,CompareProducts,GetProductDetails,True,False,False,False,False,False
What is the difference between product ITEM-55 and product ITEM-66?,"If I can only buy one, TV-50 or TV-65, what differs?",0.5712324976921082,Product,Product,CompareProducts,CompareProducts,/products/compare,/products/compare,productId1=ITEM-55;productId2=ITEM-66,productId1=UNKNOWN;productId2=UNKNOWN,CompareProducts,CompareProducts,True,True,True,False,True,False
Compare the features of PROD-300 versus PROD-400.,Compare product P-100 and product P-200.,0.6156619787216187,Product,Product,CompareProducts,CompareProducts,/products/compare,/products/compare,productId1=PROD-300;productId2=PROD-400,productId1=UNKNOWN;productId2=UNKNOWN,CompareProducts,CompareProducts,True,True,True,False,True,False
Compare the product features of GAD-X1 and GAD-X2.,Compare product SKU-A001 with product SKU-B002.,0.5893813371658325,Product,Product,CompareProducts,CompareProducts,/products/compare,/products/compare,productId1=GAD-X1;productId2=GAD-X2,productId1=UNKNOWN;productId2=UNKNOWN,CompareProducts,CompareProducts,True,True,True,False,True,False
Can you compare M-Alpha with M-Beta?,Compare product P-100 and product P-200.,0.38706690073013306,Product,Product,CompareProducts,CompareProducts,/products/compare,/products/compare,productId1=M-Alpha;productId2=M-Beta,productId1=UNKNOWN;productId2=UNKNOWN,CompareProducts,CompareProducts,True,True,True,False,True,False
Show the product difference between LAPTOP-A and LAPTOP-B.,Show products matching laptop under $800.,0.5979263782501221,Product,Product,CompareProducts,SearchProduct,/products/compare,/products/search,productId1=LAPTOP-A;productId2=LAPTOP-B,keyword=laptop,CompareProducts,SearchProduct,True,False,False,False,False,False
Help me compare product IDs PH-1 and PH-2.,Compare product P-100 and product P-200.,0.5418943762779236,Product,Product,CompareProducts,CompareProducts,/products/compare,/products/compare,productId1=PH-1;productId2=PH-2,productId1=UNKNOWN;productId2=UNKNOWN,CompareProducts,CompareProducts,True,True,True,False,True,False
How does CAM-100 stack up against CAM-200?,Compare the features of PROD-300 versus PROD-400.,0.43809062242507935,Product,Product,CompareProducts,CompareProducts,/products/compare,/products/compare,productId1=CAM-100;productId2=CAM-200,productId1=UNKNOWN;productId2=UNKNOWN,CompareProducts,CompareProducts,True,True,True,False,True,False
Show the tradeoffs between SHOE-RED and SHOE-BLUE.,Place an order for MBR-09: 1 unit of SHOE-RED.,0.574989914894104,Product,Order,CompareProducts,CreateOrder,/products/compare,/orders/create,productId1=SHOE-RED;productId2=SHOE-BLUE,userId=UNKNOWN;productId=UNKNOWN;quantity=UNKNOWN,CompareProducts,CreateOrder,False,False,False,False,False,False
I am torn between HDP-1 and HDP-2; help me decide.,Compare the features of PROD-300 versus PROD-400.,0.4189085364341736,Product,Product,CompareProducts,CompareProducts,/products/compare,/products/compare,productId1=HDP-1;productId2=HDP-2,productId1=UNKNOWN;productId2=UNKNOWN,CompareProducts,CompareProducts,True,True,True,False,True,False
"If I can only buy one, TV-50 or TV-65, what differs?",What is the difference between product ITEM-55 and product ITEM-66?,0.5712324976921082,Product,Product,CompareProducts,CompareProducts,/products/compare,/products/compare,productId1=TV-50;productId2=TV-65,productId1=UNKNOWN;productId2=UNKNOWN,CompareProducts,CompareProducts,True,True,True,False,True,False
Is product P-1023 currently available?,Give me the product details for P-1023.,0.7922555208206177,Product,Product,CheckProductAvailability,GetProductDetails,/products/availability,/products/details,productId=P-1023,productId=UNKNOWN,CheckProductAvailability,GetProductDetails,True,False,False,False,False,False
Check availability for product SKU-77892.,Show full information for product SKU-44891.,0.648191511631012,Product,Product,CheckProductAvailability,GetProductDetails,/products/availability,/products/details,productId=SKU-77892,productId=UNKNOWN,CheckProductAvailability,GetProductDetails,True,False,False,False,False,False
Is item PROD-550 in stock right now?,"Can product LAPTOP-PRO still be ordered, is it available?",0.5726784467697144,Product,Product,CheckProductAvailability,CheckProductAvailability,/products/availability,/products/availability,productId=PROD-550,productId=UNKNOWN,CheckProductAvailability,CheckProductAvailability,True,True,True,False,True,False
Show the stock status and availability for product ITEM-9900.,Open the details page for product ABC-990.,0.5742709040641785,Product,Product,CheckProductAvailability,GetProductDetails,/products/availability,/products/details,productId=ITEM-9900,productId=UNKNOWN,CheckProductAvailability,GetProductDetails,True,False,False,False,False,False
Verify product availability for GADGET-42.,I need details about product GADGET-7.,0.5245417356491089,Product,Product,CheckProductAvailability,GetProductDetails,/products/availability,/products/details,productId=GADGET-42,productId=UNKNOWN,CheckProductAvailability,GetProductDetails,True,False,False,False,False,False
"Can product LAPTOP-PRO still be ordered, is it available?",Is item PROD-550 in stock right now?,0.5726784467697144,Product,Product,CheckProductAvailability,CheckProductAvailability,/products/availability,/products/availability,productId=LAPTOP-PRO,productId=UNKNOWN,CheckProductAvailability,CheckProductAvailability,True,True,True,False,True,False
Do you have product MODEL-ZZ in stock?,Create a purchase for BUYER-123: 2 pieces of MODEL-ZX.,0.6305975914001465,Product,Order,CheckProductAvailability,CreateOrder,/products/availability,/orders/create,productId=MODEL-ZZ,userId=UNKNOWN;productId=UNKNOWN;quantity=UNKNOWN,CheckProductAvailability,CreateOrder,False,False,False,False,False,False
"Before I visit the store, see if product SNEAKER-X is available.",Give me user reviews on product SNEAKER-PRO.,0.5455624461174011,Product,Product,CheckProductAvailability,GetProductReviews,/products/availability,/products/reviews,productId=SNEAKER-X,productId=UNKNOWN,CheckProductAvailability,GetProductReviews,True,False,False,False,False,False
Tell me whether BOOK-1010 is still being sold.,Is product P-1023 currently available?,0.5481168031692505,Product,Product,CheckProductAvailability,CheckProductAvailability,/products/availability,/products/availability,productId=BOOK-1010,productId=UNKNOWN,CheckProductAvailability,CheckProductAvailability,True,True,True,False,True,False
Is HEADSET-PRO ready to ship?,Is item PROD-550 in stock right now?,0.5542330741882324,Product,Product,CheckProductAvailability,CheckProductAvailability,/products/availability,/products/availability,productId=HEADSET-PRO,productId=UNKNOWN,CheckProductAvailability,CheckProductAvailability,True,True,True,False,True,False
Would checkout work for CAMERA-4K today?,"For UID-2048, make the system buy 1 of CAMERA-4K.",0.5169671177864075,Product,Order,CheckProductAvailability,CreateOrder,/products/availability,/orders/create,productId=CAMERA-4K,userId=UNKNOWN;productId=UNKNOWN;quantity=UNKNOWN,CheckProductAvailability,CreateOrder,False,False,False,False,False,False
Can I actually buy WATCH-S5 now?,"Can product LAPTOP-PRO still be ordered, is it available?",0.4750780165195465,Product,Product,CheckProductAvailability,CheckProductAvailability,/products/availability,/products/availability,productId=WATCH-S5,productId=UNKNOWN,CheckProductAvailability,CheckProductAvailability,True,True,True,False,True,False
Show me the product reviews for P-1023.,Give me the product details for P-1023.,0.7940373420715332,Product,Product,GetProductReviews,GetProductDetails,/products/reviews,/products/details,productId=P-1023,productId=UNKNOWN,GetProductReviews,GetProductDetails,True,False,False,False,False,False
Fetch customer reviews for product SKU-55009.,Display reviews and ratings for product ITEM-340.,0.6085212230682373,Product,Product,GetProductReviews,GetProductReviews,/products/reviews,/products/reviews,productId=SKU-55009,productId=UNKNOWN,GetProductReviews,GetProductReviews,True,True,True,False,True,False
What are the reviews saying about product PROD-887?,What are the product specs and details for PROD-772?,0.6085623502731323,Product,Product,GetProductReviews,GetProductDetails,/products/reviews,/products/details,productId=PROD-887,productId=UNKNOWN,GetProductReviews,GetProductDetails,True,False,False,False,False,False
Display reviews and ratings for product ITEM-340.,Fetch customer reviews for product SKU-55009.,0.6085212230682373,Product,Product,GetProductReviews,GetProductReviews,/products/reviews,/products/reviews,productId=ITEM-340,productId=UNKNOWN,GetProductReviews,GetProductReviews,True,True,True,False,True,False
Open the review section for product GADGET-9.,I need details about product GADGET-7.,0.6215134263038635,Product,Product,GetProductReviews,GetProductDetails,/products/reviews,/products/details,productId=GADGET-9,productId=UNKNOWN,GetProductReviews,GetProductDetails,True,False,False,False,False,False
What do customers say in reviews for product LAPTOP-ULTRA?,Show products matching laptop under $800.,0.52987140417099,Product,Product,GetProductReviews,SearchProduct,/products/reviews,/products/search,productId=LAPTOP-ULTRA,keyword=laptop,GetProductReviews,SearchProduct,True,False,False,False,False,False
Are buyers happy with product MODEL-K20? Show reviews.,Give me user reviews on product SNEAKER-PRO.,0.505678653717041,Product,Product,GetProductReviews,GetProductReviews,/products/reviews,/products/reviews,productId=MODEL-K20,productId=UNKNOWN,GetProductReviews,GetProductReviews,True,True,True,False,True,False
Give me user reviews on product SNEAKER-PRO.,What are the reviews saying about product PROD-887?,0.5905771255493164,Product,Product,GetProductReviews,GetProductReviews,/products/reviews,/products/reviews,productId=SNEAKER-PRO,productId=UNKNOWN,GetProductReviews,GetProductReviews,True,True,True,False,True,False
How is HEADPHONE-360 rated by people who bought it?,"Before buying CAMERA-DSLR, what is the crowd verdict?",0.4082982540130615,Product,Product,GetProductReviews,GetProductReviews,/products/reviews,/products/reviews,productId=HEADPHONE-360,productId=UNKNOWN,GetProductReviews,GetProductReviews,True,True,True,False,True,False
Let me see opinions from owners of TABLET-8.,What are the reviews saying about product PROD-887?,0.48508578538894653,Product,Product,GetProductReviews,GetProductReviews,/products/reviews,/products/reviews,productId=TABLET-8,productId=UNKNOWN,GetProductReviews,GetProductReviews,True,True,True,False,True,False
"Before buying CAMERA-DSLR, what is the crowd verdict?",How is HEADPHONE-360 rated by people who bought it?,0.4082982540130615,Product,Product,GetProductReviews,GetProductReviews,/products/reviews,/products/reviews,productId=CAMERA-DSLR,productId=UNKNOWN,GetProductReviews,GetProductReviews,True,True,True,False,True,False
Does VACUUM-3000 have happy owners or complaints?,Are buyers happy with product MODEL-K20? Show reviews.,0.4964030981063843,Product,Product,GetProductReviews,GetProductReviews,/products/reviews,/products/reviews,productId=VACUUM-3000,productId=UNKNOWN,GetProductReviews,GetProductReviews,True,True,True,False,True,False
Create an order for 2 units of PROD-001 for user U-555.,Create order for 3 units of ITEM-770 for account USER-33.,0.5690556764602661,Order,Order,CreateOrder,CreateOrder,/orders/create,/orders/create,userId=U-555;productId=PROD-001;quantity=2,userId=UNKNOWN;productId=UNKNOWN;quantity=2,CreateOrder,CreateOrder,True,True,True,False,True,False
Place an order for user ACC-102: 1 of SKU-840.,Start and create a new order for user ACCT-500 with 1 of LAPTOP-22.,0.5734800100326538,Order,Order,CreateOrder,CreateOrder,/orders/create,/orders/create,userId=ACC-102;productId=SKU-840;quantity=1,userId=UNKNOWN;productId=UNKNOWN;quantity=UNKNOWN,CreateOrder,CreateOrder,True,True,True,False,True,False
Create order for 3 units of ITEM-770 for account USER-33.,Create an order for 2 units of PROD-001 for user U-555.,0.5690556764602661,Order,Order,CreateOrder,CreateOrder,/orders/create,/orders/create,userId=USER-33;productId=ITEM-770;quantity=3,userId=UNKNOWN;productId=UNKNOWN;quantity=3,CreateOrder,CreateOrder,True,True,True,False,True,False
Place a purchase order for 5 of GADGET-X under U-987.,Open the review section for product GADGET-9.,0.5839459300041199,Order,Product,CreateOrder,GetProductReviews,/orders/create,/products/reviews,userId=U-987;productId=GADGET-X;quantity=5,productId=UNKNOWN,CreateOrder,GetProductReviews,False,False,False,False,False,False
Start and create a new order for user ACCT-500 with 1 of LAPTOP-22.,Place an order for user ACC-102: 1 of SKU-840.,0.5734800100326538,Order,Order,CreateOrder,CreateOrder,/orders/create,/orders/create,userId=ACCT-500;productId=LAPTOP-22;quantity=1,userId=UNKNOWN;productId=UNKNOWN;quantity=UNKNOWN,CreateOrder,CreateOrder,True,True,True,False,True,False
I want to place an order for 4 of BOOK-55 for user USR-77.,Pull up the order information for BILL-0055.,0.556289792060852,Order,Order,CreateOrder,GetOrderDetails,/orders/create,/orders/details,userId=USR-77;productId=BOOK-55;quantity=4,orderId=UNKNOWN,CreateOrder,GetOrderDetails,True,False,False,False,False,False
Create a purchase for BUYER-123: 2 pieces of MODEL-ZX.,Do you have product MODEL-ZZ in stock?,0.6305975914001465,Order,Product,CreateOrder,CheckProductAvailability,/orders/create,/products/availability,userId=BUYER-123;productId=MODEL-ZX;quantity=2,productId=UNKNOWN,CreateOrder,CheckProductAvailability,False,False,False,False,False,False
Place an order for MBR-09: 1 unit of SHOE-RED.,Show the tradeoffs between SHOE-RED and SHOE-BLUE.,0.574989914894104,Order,Product,CreateOrder,CompareProducts,/orders/create,/products/compare,userId=MBR-09;productId=SHOE-RED;quantity=1,productId1=UNKNOWN;productId2=UNKNOWN,CreateOrder,CompareProducts,False,False,False,False,False,False
Put through 10 x ITEM-BULK on account CORP-007.,Create order for 3 units of ITEM-770 for account USER-33.,0.5090814828872681,Order,Order,CreateOrder,CreateOrder,/orders/create,/orders/create,userId=CORP-007;productId=ITEM-BULK;quantity=10,userId=UNKNOWN;productId=UNKNOWN;quantity=UNKNOWN,CreateOrder,CreateOrder,True,True,True,False,True,False
Set up a cart for USER-X44 containing 6 of ELEC-90.,Can you create a return for order CART-220 because not satisfied?,0.42787760496139526,Order,Order,CreateOrder,ReturnOrder,/orders/create,/orders/return,userId=USER-X44;productId=ELEC-90;quantity=6,orderId=UNKNOWN,CreateOrder,ReturnOrder,True,False,False,False,False,False
Have 3 of TABLET-NEW sent to account ACC-66.,Start and create a new order for user ACCT-500 with 1 of LAPTOP-22.,0.4726616442203522,Order,Order,CreateOrder,CreateOrder,/orders/create,/orders/create,userId=ACC-66;productId=TABLET-NEW;quantity=3,userId=UNKNOWN;productId=UNKNOWN;quantity=UNKNOWN,CreateOrder,CreateOrder,True,True,True,False,True,False
"For UID-2048, make the system buy 1 of CAMERA-4K.",Would checkout work for CAMERA-4K today?,0.5169671177864075,Order,Product,CreateOrder,CheckProductAvailability,/orders/create,/products/availability,userId=UID-2048;productId=CAMERA-4K;quantity=1,productId=UNKNOWN,CreateOrder,CheckProductAvailability,False,False,False,False,False,False
Cancel my order ORD-3391.,Cancel order ORD-7001 before it ships.,0.8363227248191833,Order,Order,CancelOrder,CancelOrder,/orders/cancel,/orders/cancel,orderId=ORD-3391,orderId=UNKNOWN,CancelOrder,CancelOrder,True,True,True,False,True,False
I need to cancel order ID ORDER-8820.,Cancel my order ORD-3391.,0.736323356628418,Order,Order,CancelOrder,CancelOrder,/orders/cancel,/orders/cancel,orderId=ORDER-8820,orderId=UNKNOWN,CancelOrder,CancelOrder,True,True,True,False,True,False
Please cancel the purchase with order code OC-5544.,Cancel my order ORD-3391.,0.7520430684089661,Order,Order,CancelOrder,CancelOrder,/orders/cancel,/orders/cancel,orderId=OC-5544,orderId=UNKNOWN,CancelOrder,CancelOrder,True,True,True,False,True,False
Cancel order ORD-7001 before it ships.,Cancel my order ORD-3391.,0.8363227248191833,Order,Order,CancelOrder,CancelOrder,/orders/cancel,/orders/cancel,orderId=ORD-7001,orderId=UNKNOWN,CancelOrder,CancelOrder,True,True,True,False,True,False
Void and cancel order number REF-1129.,I need to cancel order ID ORDER-8820.,0.7277607917785645,Order,Order,CancelOrder,CancelOrder,/orders/cancel,/orders/cancel,orderId=REF-1129,orderId=UNKNOWN,CancelOrder,CancelOrder,True,True,True,False,True,False
I changed my mind; cancel purchase order 993-XY.,Please cancel the purchase with order code OC-5544.,0.7202211022377014,Order,Order,CancelOrder,CancelOrder,/orders/cancel,/orders/cancel,orderId=993-XY,orderId=UNKNOWN,CancelOrder,CancelOrder,True,True,True,False,True,False
"Cancel the order I placed, CART-55K.",Please cancel the purchase with order code OC-5544.,0.6752375364303589,Order,Order,CancelOrder,CancelOrder,/orders/cancel,/orders/cancel,orderId=CART-55K,orderId=UNKNOWN,CancelOrder,CancelOrder,True,True,True,False,True,False
Please cancel order ORD-20001 from processing.,Cancel order ORD-7001 before it ships.,0.8142745494842529,Order,Order,CancelOrder,CancelOrder,/orders/cancel,/orders/cancel,orderId=ORD-20001,orderId=UNKNOWN,CancelOrder,CancelOrder,True,True,True,False,True,False
Do not let order BILL-3320 go out.,Pull up the order information for BILL-0055.,0.7242295742034912,Order,Order,CancelOrder,GetOrderDetails,/orders/cancel,/orders/details,orderId=BILL-3320,orderId=UNKNOWN,CancelOrder,GetOrderDetails,True,False,False,False,False,False
Block shipment for PO-4488; I do not want it.,I need to cancel order ID ORDER-8820.,0.5269404649734497,Order,Order,CancelOrder,CancelOrder,/orders/cancel,/orders/cancel,orderId=PO-4488,orderId=UNKNOWN,CancelOrder,CancelOrder,True,True,True,False,True,False
I made a mistake with TXN-662; please make it go away.,Help me undo delivery ORD-13001.,0.45339083671569824,Order,Order,CancelOrder,ReturnOrder,/orders/cancel,/orders/return,orderId=TXN-662,orderId=UNKNOWN,CancelOrder,ReturnOrder,True,False,False,False,False,False
"Before dispatch, OID-1192 should not continue.",Please cancel order ORD-20001 from processing.,0.4995003640651703,Order,Order,CancelOrder,CancelOrder,/orders/cancel,/orders/cancel,orderId=OID-1192,orderId=UNKNOWN,CancelOrder,CancelOrder,True,True,True,False,True,False
Track order ORD-4422.,Show me the order details for ORD-8810.,0.7580713033676147,Order,Order,TrackOrder,GetOrderDetails,/orders/track,/orders/details,orderId=ORD-4422,orderId=UNKNOWN,TrackOrder,GetOrderDetails,True,False,False,False,False,False
Where is my order ORDER-5510 right now?,Where is my package for order SHIP-7731?,0.6920233964920044,Order,Order,TrackOrder,TrackOrder,/orders/track,/orders/track,orderId=ORDER-5510,orderId=UNKNOWN,TrackOrder,TrackOrder,True,True,True,False,True,False
Show tracking info for order TRK-8821.,Tell me the tracking progress for order TXN-441.,0.7170062065124512,Order,Order,TrackOrder,TrackOrder,/orders/track,/orders/track,orderId=TRK-8821,orderId=UNKNOWN,TrackOrder,TrackOrder,True,True,True,False,True,False
Check the delivery status of order ORD-4400.,Return order ORD-5521 because arrived damaged.,0.7336474657058716,Order,Order,TrackOrder,ReturnOrder,/orders/track,/orders/return,orderId=ORD-4400,orderId=UNKNOWN,TrackOrder,ReturnOrder,True,False,False,False,False,False
Track the package for order REF-9902.,Initiate a return for order REF-7701.,0.6794355511665344,Order,Order,TrackOrder,ReturnOrder,/orders/track,/orders/return,orderId=REF-9902,orderId=UNKNOWN,TrackOrder,ReturnOrder,True,False,False,False,False,False
Where is my package for order SHIP-7731?,Where is my order ORDER-5510 right now?,0.6920233964920044,Order,Order,TrackOrder,TrackOrder,/orders/track,/orders/track,orderId=SHIP-7731,orderId=UNKNOWN,TrackOrder,TrackOrder,True,True,True,False,True,False
Track order ORDER-6612; has it shipped yet?,Where is my package for order SHIP-7731?,0.6233702898025513,Order,Order,TrackOrder,TrackOrder,/orders/track,/orders/track,orderId=ORDER-6612,orderId=UNKNOWN,TrackOrder,TrackOrder,True,True,True,False,True,False
Tell me the tracking progress for order TXN-441.,Show tracking info for order TRK-8821.,0.7170062065124512,Order,Order,TrackOrder,TrackOrder,/orders/track,/orders/track,orderId=TXN-441,orderId=UNKNOWN,TrackOrder,TrackOrder,True,True,True,False,True,False
When will PKG-0099 arrive?,Update meeting MTG-001 to next Friday at 3pm.,0.5099910497665405,Order,Calendar,TrackOrder,UpdateMeeting,/orders/track,/calendar/meetings/update,orderId=PKG-0099,meetingId=UNKNOWN,TrackOrder,UpdateMeeting,False,False,False,False,False,False
Give me the latest delivery update on ORD-11230.,Check the delivery status of order ORD-4400.,0.68461674451828,Order,Order,TrackOrder,TrackOrder,/orders/track,/orders/track,orderId=ORD-11230,orderId=UNKNOWN,TrackOrder,TrackOrder,True,True,True,False,True,False
Is PCKG-3301 close to my address yet?,When will PKG-0099 arrive?,0.4000827670097351,Order,Order,TrackOrder,TrackOrder,/orders/track,/orders/track,orderId=PCKG-3301,orderId=UNKNOWN,TrackOrder,TrackOrder,True,True,True,False,True,False
What is happening with the parcel CART-880 now?,What did SHIP-7700 contain?,0.4582989811897278,Order,Order,TrackOrder,GetOrderDetails,/orders/track,/orders/details,orderId=CART-880,orderId=UNKNOWN,TrackOrder,GetOrderDetails,True,False,False,False,False,False
Return order ORD-5521 because arrived damaged.,This purchase ORD-7762 needs to go back due to defective item.,0.7670974731445312,Order,Order,ReturnOrder,ReturnOrder,/orders/return,/orders/return,orderId=ORD-5521;reason=arrived damaged,orderId=UNKNOWN;reason=damaged,ReturnOrder,ReturnOrder,True,True,True,False,True,False
Initiate a return for order REF-7701.,Start a return request for order TXN-8804.,0.7046090364456177,Order,Order,ReturnOrder,ReturnOrder,/orders/return,/orders/return,orderId=REF-7701,orderId=UNKNOWN,ReturnOrder,ReturnOrder,True,True,True,False,True,False
Please process a return for purchase order RTN-1109 because wrong item delivered.,Start a return request for order TXN-8804.,0.6777566075325012,Order,Order,ReturnOrder,ReturnOrder,/orders/return,/orders/return,orderId=RTN-1109;reason=wrong item delivered,orderId=UNKNOWN,ReturnOrder,ReturnOrder,True,True,True,False,True,False
I want to return order ORD-4455 because doesn't fit.,I need to return purchase ORD-3300 because poor quality.,0.6617390513420105,Order,Order,ReturnOrder,ReturnOrder,/orders/return,/orders/return,orderId=ORD-4455;reason=doesn't fit,orderId=UNKNOWN,ReturnOrder,ReturnOrder,True,True,True,False,True,False
Start a return request for order TXN-8804.,Initiate a return for order REF-7701.,0.7046090364456177,Order,Order,ReturnOrder,ReturnOrder,/orders/return,/orders/return,orderId=TXN-8804,orderId=UNKNOWN,ReturnOrder,ReturnOrder,True,True,True,False,True,False
I need to return purchase ORD-3300 because poor quality.,I want to review purchase ORD-2281.,0.7105245590209961,Order,Order,ReturnOrder,GetOrderDetails,/orders/return,/orders/details,orderId=ORD-3300;reason=poor quality,orderId=UNKNOWN,ReturnOrder,GetOrderDetails,True,False,False,False,False,False
Can you create a return for order CART-220 because not satisfied?,Initiate a return for order REF-7701.,0.5937533974647522,Order,Order,ReturnOrder,ReturnOrder,/orders/return,/orders/return,orderId=CART-220;reason=not satisfied,orderId=UNKNOWN,ReturnOrder,ReturnOrder,True,True,True,False,True,False
Return order ID PKG-5599 for me.,I need to cancel order ID ORDER-8820.,0.6406552195549011,Order,Order,ReturnOrder,CancelOrder,/orders/return,/orders/cancel,orderId=PKG-5599,orderId=UNKNOWN,ReturnOrder,CancelOrder,True,False,False,False,False,False
This purchase ORD-7762 needs to go back due to defective item.,Return order ORD-5521 because arrived damaged.,0.7670974731445312,Order,Order,ReturnOrder,ReturnOrder,/orders/return,/orders/return,orderId=ORD-7762;reason=defective item,orderId=UNKNOWN,ReturnOrder,ReturnOrder,True,True,True,False,True,False
I cannot keep BILL-990 since it is not as described.,Do not let order BILL-3320 go out.,0.5815778374671936,Order,Order,ReturnOrder,CancelOrder,/orders/return,/orders/cancel,orderId=BILL-990;reason=not as described,orderId=UNKNOWN,ReturnOrder,CancelOrder,True,False,False,False,False,False
Help me undo delivery ORD-13001.,Cancel order ORD-7001 before it ships.,0.7059128880500793,Order,Order,ReturnOrder,CancelOrder,/orders/return,/orders/cancel,orderId=ORD-13001,orderId=UNKNOWN,ReturnOrder,CancelOrder,True,False,False,False,False,False
The item from SHIP-554 is not staying with me - no longer needed.,Where is my package for order SHIP-7731?,0.5309947729110718,Order,Order,ReturnOrder,TrackOrder,/orders/return,/orders/track,orderId=SHIP-554;reason=no longer needed,orderId=UNKNOWN,ReturnOrder,TrackOrder,True,False,False,False,False,False
Show me the order details for ORD-8810.,Give me the full information for order ORD-4450.,0.7843272686004639,Order,Order,GetOrderDetails,GetOrderDetails,/orders/details,/orders/details,orderId=ORD-8810,orderId=UNKNOWN,GetOrderDetails,GetOrderDetails,True,True,True,False,True,False
What is in order ORDER-9921?,Show me the order details for ORD-8810.,0.6745237708091736,Order,Order,GetOrderDetails,GetOrderDetails,/orders/details,/orders/details,orderId=ORDER-9921,orderId=UNKNOWN,GetOrderDetails,GetOrderDetails,True,True,True,False,True,False
Give me the full information for order ORD-4450.,Show me the order details for ORD-8810.,0.7843272686004639,Order,Order,GetOrderDetails,GetOrderDetails,/orders/details,/orders/details,orderId=ORD-4450,orderId=UNKNOWN,GetOrderDetails,GetOrderDetails,True,True,True,False,True,False
Display the order details and summary for REF-5513.,List the order details for items included in PKG-1103.,0.5990555286407471,Order,Order,GetOrderDetails,GetOrderDetails,/orders/details,/orders/details,orderId=REF-5513,orderId=UNKNOWN,GetOrderDetails,GetOrderDetails,True,True,True,False,True,False
Fetch order details for TXN-7721.,Start a return request for order TXN-8804.,0.703781247138977,Order,Order,GetOrderDetails,ReturnOrder,/orders/details,/orders/return,orderId=TXN-7721,orderId=UNKNOWN,GetOrderDetails,ReturnOrder,True,False,False,False,False,False
Show order information for what I bought in CART-9902.,Show tracking info for order TRK-8821.,0.6454309225082397,Order,Order,GetOrderDetails,TrackOrder,/orders/details,/orders/track,orderId=CART-9902,orderId=UNKNOWN,GetOrderDetails,TrackOrder,True,False,False,False,False,False
List the order details for items included in PKG-1103.,Show order information for what I bought in CART-9902.,0.6261777877807617,Order,Order,GetOrderDetails,GetOrderDetails,/orders/details,/orders/details,orderId=PKG-1103,orderId=UNKNOWN,GetOrderDetails,GetOrderDetails,True,True,True,False,True,False
Pull up the order information for BILL-0055.,Do not let order BILL-3320 go out.,0.7242295742034912,Order,Order,GetOrderDetails,CancelOrder,/orders/details,/orders/cancel,orderId=BILL-0055,orderId=UNKNOWN,GetOrderDetails,CancelOrder,True,False,False,False,False,False
I want to review purchase ORD-2281.,I need to return purchase ORD-3300 because poor quality.,0.7105245590209961,Order,Order,GetOrderDetails,ReturnOrder,/orders/details,/orders/return,orderId=ORD-2281,orderId=UNKNOWN,GetOrderDetails,ReturnOrder,True,False,False,False,False,False
What did SHIP-7700 contain?,Where is my package for order SHIP-7731?,0.5518288612365723,Order,Order,GetOrderDetails,TrackOrder,/orders/details,/orders/track,orderId=SHIP-7700,orderId=UNKNOWN,GetOrderDetails,TrackOrder,True,False,False,False,False,False
Remind me what was purchased under ORD-22099.,Show me the order details for ORD-8810.,0.6456186771392822,Order,Order,GetOrderDetails,GetOrderDetails,/orders/details,/orders/details,orderId=ORD-22099,orderId=UNKNOWN,GetOrderDetails,GetOrderDetails,True,True,True,False,True,False
Open the record for OID-663 so I can see the contents.,"Before dispatch, OID-1192 should not continue.",0.48978474736213684,Order,Order,GetOrderDetails,CancelOrder,/orders/details,/orders/cancel,orderId=OID-663,orderId=UNKNOWN,GetOrderDetails,CancelOrder,True,False,False,False,False,False
Schedule a team standup on Monday at 9am.,Schedule the event sprint planning for next Tuesday at 9:00am.,0.5567641854286194,Calendar,Calendar,CreateMeeting,CreateMeeting,/calendar/meetings/create,/calendar/meetings/create,title=team standup;date=Monday;time=9am,title=UNKNOWN;date=Monday;time=9am,CreateMeeting,CreateMeeting,True,True,True,False,True,False
Create a meeting called marketing team meeting for June 25 at 2pm.,Add and schedule the board meeting on August 10 at 11am.,0.4955436885356903,Calendar,Calendar,CreateMeeting,CreateMeeting,/calendar/meetings/create,/calendar/meetings/create,title=marketing team meeting;date=June 25;time=2pm;participant=marketing team,title=Call;date=UNKNOWN;time=2pm,CreateMeeting,CreateMeeting,True,True,True,False,True,False
Schedule calendar time for product review session on July 1 at 10:30am.,Add and schedule the board meeting on August 10 at 11am.,0.5228177309036255,Calendar,Calendar,CreateMeeting,CreateMeeting,/calendar/meetings/create,/calendar/meetings/create,title=product review session;date=July 1;time=10:30am,title=UNKNOWN;date=UNKNOWN;time=30am,CreateMeeting,CreateMeeting,True,True,True,False,True,False
Create a calendar event for client call with Sarah on Friday at 3pm.,Display my calendar events for next Friday.,0.5452470183372498,Calendar,Calendar,CreateMeeting,ListEvents,/calendar/meetings/create,/calendar/events,title=client call;date=Friday;time=3pm;participant=Sarah,date=Friday,CreateMeeting,ListEvents,True,False,False,False,False,False
Add and schedule the board meeting on August 10 at 11am.,Please update meeting SESS-3301 so it is 8:30am.,0.5980333685874939,Calendar,Calendar,CreateMeeting,UpdateMeeting,/calendar/meetings/create,/calendar/meetings/update,title=board meeting;date=August 10;time=11am,meetingId=UNKNOWN;time=11am,CreateMeeting,UpdateMeeting,True,False,False,False,False,False
Please create one-on-one with manager on my calendar for tomorrow at 4pm.,Show my calendar events and meetings for August 5.,0.5426984429359436,Calendar,Calendar,CreateMeeting,ListEvents,/calendar/meetings/create,/calendar/events,title=one-on-one with manager;date=tomorrow;time=4pm;participant=manager,date=tomorrow,CreateMeeting,ListEvents,True,False,False,False,False,False
Schedule the event sprint planning for next Tuesday at 9:00am.,Schedule a team standup on Monday at 9am.,0.5567641854286194,Calendar,Calendar,CreateMeeting,CreateMeeting,/calendar/meetings/create,/calendar/meetings/create,title=sprint planning;date=next Tuesday;time=9:00am,title=UNKNOWN;date=next Tuesday;time=00am,CreateMeeting,CreateMeeting,True,True,True,False,True,False
"Create a meeting entry: design review with UX team, Thursday at 1pm.",Please update meeting SESS-3301 so it is 8:30am.,0.5147691369056702,Calendar,Calendar,CreateMeeting,UpdateMeeting,/calendar/meetings/create,/calendar/meetings/update,title=design review;date=Thursday;time=1pm;participant=UX team,meetingId=UNKNOWN;date=Thursday;time=1pm,CreateMeeting,UpdateMeeting,True,False,False,False,False,False
Block time for Q3 Demo on September 5 at noon.,Do I have anything blocking next Wednesday?,0.43730926513671875,Calendar,Calendar,CreateMeeting,CheckAvailability,/calendar/meetings/create,/calendar/availability,title=Q3 Demo;date=September 5;time=noon,date=UNKNOWN,CreateMeeting,CheckAvailability,True,False,False,False,False,False
"Put down lunch interview with Alex for next Wednesday, 12:30pm.",Please update meeting SESS-3301 so it is 8:30am.,0.4357008635997772,Calendar,Calendar,CreateMeeting,UpdateMeeting,/calendar/meetings/create,/calendar/meetings/update,title=lunch interview;date=next Wednesday;time=12:30pm;participant=Alex,meetingId=UNKNOWN;date=next Wednesday;time=30pm,CreateMeeting,UpdateMeeting,True,False,False,False,False,False
Make sure I have Onboarding Intro October 3 at 8am.,Please update meeting SESS-3301 so it is 8:30am.,0.5311948657035828,Calendar,Calendar,CreateMeeting,UpdateMeeting,/calendar/meetings/create,/calendar/meetings/update,title=Onboarding Intro;date=October 3;time=8am,meetingId=UNKNOWN;time=8am,CreateMeeting,UpdateMeeting,True,False,False,False,False,False
Save catch-up call with sales team in my day on November 7 at 3:30pm.,Create a calendar event for client call with Sarah on Friday at 3pm.,0.4941467046737671,Calendar,Calendar,CreateMeeting,CreateMeeting,/calendar/meetings/create,/calendar/meetings/create,title=catch-up call;date=November 7;time=3:30pm;participant=sales team,title=Call;date=UNKNOWN;time=30pm,CreateMeeting,CreateMeeting,True,True,True,False,True,False
Cancel meeting MTG-001.,Delete meeting MTG-9920 from the schedule.,0.7722238898277283,Calendar,Calendar,CancelMeeting,CancelMeeting,/calendar/meetings/cancel,/calendar/meetings/cancel,meetingId=MTG-001,meetingId=UNKNOWN,CancelMeeting,CancelMeeting,True,True,True,False,True,False
I need to cancel the meeting with ID MEET-5521.,Please cancel meeting MEET-7723; I cannot attend.,0.8388078808784485,Calendar,Calendar,CancelMeeting,CancelMeeting,/calendar/meetings/cancel,/calendar/meetings/cancel,meetingId=MEET-5521,meetingId=UNKNOWN,CancelMeeting,CancelMeeting,True,True,True,False,True,False
Please delete meeting CAL-330 from my calendar.,Change meeting CAL-330 to 2pm.,0.7172055840492249,Calendar,Calendar,CancelMeeting,UpdateMeeting,/calendar/meetings/cancel,/calendar/meetings/update,meetingId=CAL-330,meetingId=UNKNOWN,CancelMeeting,UpdateMeeting,True,False,False,False,False,False
Cancel calendar event EVT-884.,Cancel event SESS-3301 on my calendar.,0.824904203414917,Calendar,Calendar,CancelMeeting,CancelMeeting,/calendar/meetings/cancel,/calendar/meetings/cancel,meetingId=EVT-884,meetingId=UNKNOWN,CancelMeeting,CancelMeeting,True,True,True,False,True,False
Cancel the appointment meeting APPT-1199.,Please cancel meeting MEET-7723; I cannot attend.,0.7425886988639832,Calendar,Calendar,CancelMeeting,CancelMeeting,/calendar/meetings/cancel,/calendar/meetings/cancel,meetingId=APPT-1199,meetingId=UNKNOWN,CancelMeeting,CancelMeeting,True,True,True,False,True,False
Delete meeting MTG-9920 from the schedule.,Cancel meeting MTG-001.,0.7722238898277283,Calendar,Calendar,CancelMeeting,CancelMeeting,/calendar/meetings/cancel,/calendar/meetings/cancel,meetingId=MTG-9920,meetingId=UNKNOWN,CancelMeeting,CancelMeeting,True,True,True,False,True,False
Cancel event SESS-3301 on my calendar.,Cancel calendar event EVT-884.,0.824904203414917,Calendar,Calendar,CancelMeeting,CancelMeeting,/calendar/meetings/cancel,/calendar/meetings/cancel,meetingId=SESS-3301,meetingId=UNKNOWN,CancelMeeting,CancelMeeting,True,True,True,False,True,False
Please cancel meeting MEET-7723; I cannot attend.,I need to cancel the meeting with ID MEET-5521.,0.8388078808784485,Calendar,Calendar,CancelMeeting,CancelMeeting,/calendar/meetings/cancel,/calendar/meetings/cancel,meetingId=MEET-7723,meetingId=UNKNOWN,CancelMeeting,CancelMeeting,True,True,True,False,True,False
Erase appointment EVT-0050 from the calendar.,Cancel calendar event EVT-884.,0.7158459424972534,Calendar,Calendar,CancelMeeting,CancelMeeting,/calendar/meetings/cancel,/calendar/meetings/cancel,meetingId=EVT-0050,meetingId=UNKNOWN,CancelMeeting,CancelMeeting,True,True,True,False,True,False
Drop event CONF-1415 for me.,Adjust CONF-1415 so it lands on Friday at 9am.,0.4455054700374603,Calendar,Calendar,CancelMeeting,UpdateMeeting,/calendar/meetings/cancel,/calendar/meetings/update,meetingId=CONF-1415,meetingId=UNKNOWN,CancelMeeting,UpdateMeeting,True,False,False,False,False,False
BRK-2200 should not be on my day anymore.,BRK-2200 needs the new slot 6pm.,0.7243843078613281,Calendar,Calendar,CancelMeeting,UpdateMeeting,/calendar/meetings/cancel,/calendar/meetings/update,meetingId=BRK-2200,meetingId=UNKNOWN,CancelMeeting,UpdateMeeting,True,False,False,False,False,False
Make SYNC-88 disappear from my agenda.,The old time for SYNC-88 no longer works; use next Tuesday at 2:30pm.,0.5875946879386902,Calendar,Calendar,CancelMeeting,UpdateMeeting,/calendar/meetings/cancel,/calendar/meetings/update,meetingId=SYNC-88,meetingId=UNKNOWN,CancelMeeting,UpdateMeeting,True,False,False,False,False,False
Update meeting MTG-001 to next Friday at 3pm.,Change the schedule for meeting MTG-9920 to September 15.,0.7369594573974609,Calendar,Calendar,UpdateMeeting,UpdateMeeting,/calendar/meetings/update,/calendar/meetings/update,meetingId=MTG-001;date=next Friday;time=3pm,meetingId=UNKNOWN;date=next Friday;time=3pm,UpdateMeeting,UpdateMeeting,True,True,True,False,True,False
Move meeting MEET-5521 to Wednesday.,Move meeting ID MEET-7723; new slot is next Monday.,0.7977933883666992,Calendar,Calendar,UpdateMeeting,UpdateMeeting,/calendar/meetings/update,/calendar/meetings/update,meetingId=MEET-5521;date=Wednesday,meetingId=UNKNOWN;date=Wednesday,UpdateMeeting,UpdateMeeting,True,True,True,False,True,False
Change meeting CAL-330 to 2pm.,Please delete meeting CAL-330 from my calendar.,0.7172055840492249,Calendar,Calendar,UpdateMeeting,CancelMeeting,/calendar/meetings/update,/calendar/meetings/cancel,meetingId=CAL-330;time=2pm,meetingId=UNKNOWN,UpdateMeeting,CancelMeeting,True,False,False,False,False,False
Update calendar event EVT-884 to July 10 at 10am.,Show calendar appointments and events on July 10.,0.7427566051483154,Calendar,Calendar,UpdateMeeting,ListEvents,/calendar/meetings/update,/calendar/events,meetingId=EVT-884;date=July 10;time=10am,date=UNKNOWN,UpdateMeeting,ListEvents,True,False,False,False,False,False
Move calendar meeting APPT-1199 to Thursday at 4pm.,Move meeting MEET-5521 to Wednesday.,0.6891663074493408,Calendar,Calendar,UpdateMeeting,UpdateMeeting,/calendar/meetings/update,/calendar/meetings/update,meetingId=APPT-1199;date=Thursday;time=4pm,meetingId=UNKNOWN;date=Thursday;time=4pm,UpdateMeeting,UpdateMeeting,True,True,True,False,True,False
Change the schedule for meeting MTG-9920 to September 15.,Update meeting MTG-001 to next Friday at 3pm.,0.7369594573974609,Calendar,Calendar,UpdateMeeting,UpdateMeeting,/calendar/meetings/update,/calendar/meetings/update,meetingId=MTG-9920;date=September 15,meetingId=UNKNOWN,UpdateMeeting,UpdateMeeting,True,True,True,False,True,False
Please update meeting SESS-3301 so it is 8:30am.,Change meeting CAL-330 to 2pm.,0.7045799493789673,Calendar,Calendar,UpdateMeeting,UpdateMeeting,/calendar/meetings/update,/calendar/meetings/update,meetingId=SESS-3301;time=8:30am,meetingId=UNKNOWN;time=30am,UpdateMeeting,UpdateMeeting,True,True,True,False,True,False
Move meeting ID MEET-7723; new slot is next Monday.,Move meeting MEET-5521 to Wednesday.,0.7977933883666992,Calendar,Calendar,UpdateMeeting,UpdateMeeting,/calendar/meetings/update,/calendar/meetings/update,meetingId=MEET-7723;date=next Monday,meetingId=UNKNOWN;date=next Monday,UpdateMeeting,UpdateMeeting,True,True,True,False,True,False
Can EVT-0050 happen on October 1 at 11am instead?,Update calendar event EVT-884 to July 10 at 10am.,0.6404341459274292,Calendar,Calendar,UpdateMeeting,UpdateMeeting,/calendar/meetings/update,/calendar/meetings/update,meetingId=EVT-0050;date=October 1;time=11am,meetingId=UNKNOWN;time=11am,UpdateMeeting,UpdateMeeting,True,True,True,False,True,False
Adjust CONF-1415 so it lands on Friday at 9am.,Am I available on Friday at 10am?,0.4905747175216675,Calendar,Calendar,UpdateMeeting,CheckAvailability,/calendar/meetings/update,/calendar/availability,meetingId=CONF-1415;date=Friday;time=9am,date=Friday;time=9am,UpdateMeeting,CheckAvailability,True,False,False,False,False,False
BRK-2200 needs the new slot 6pm.,BRK-2200 should not be on my day anymore.,0.7243843078613281,Calendar,Calendar,UpdateMeeting,CancelMeeting,/calendar/meetings/update,/calendar/meetings/cancel,meetingId=BRK-2200;time=6pm,meetingId=UNKNOWN,UpdateMeeting,CancelMeeting,True,False,False,False,False,False
The old time for SYNC-88 no longer works; use next Tuesday at 2:30pm.,Make SYNC-88 disappear from my agenda.,0.5875946879386902,Calendar,Calendar,UpdateMeeting,CancelMeeting,/calendar/meetings/update,/calendar/meetings/cancel,meetingId=SYNC-88;date=next Tuesday;time=2:30pm,meetingId=UNKNOWN,UpdateMeeting,CancelMeeting,True,False,False,False,False,False
Am I available on Monday?,Am I available on Friday at 10am?,0.8265331983566284,Calendar,Calendar,CheckAvailability,CheckAvailability,/calendar/availability,/calendar/availability,date=Monday,date=Monday,CheckAvailability,CheckAvailability,True,True,True,True,True,True
Am I available on June 25 at 3pm?,Can you see if I am available on July 5 at 2pm?,0.8459739685058594,Calendar,Calendar,CheckAvailability,CheckAvailability,/calendar/availability,/calendar/availability,date=June 25;time=3pm,date=UNKNOWN;time=3pm,CheckAvailability,CheckAvailability,True,True,True,False,True,False
Is my calendar available on Tuesday?,List my calendar events for Monday.,0.6784695982933044,Calendar,Calendar,CheckAvailability,ListEvents,/calendar/availability,/calendar/events,date=Tuesday,date=Tuesday,CheckAvailability,ListEvents,True,False,False,True,False,False
Am I available on Friday at 10am?,Am I available on Monday?,0.8265331983566284,Calendar,Calendar,CheckAvailability,CheckAvailability,/calendar/availability,/calendar/availability,date=Friday;time=10am,date=Friday;time=10am,CheckAvailability,CheckAvailability,True,True,True,True,True,True
Can you see if I am available on July 5 at 2pm?,Am I available on June 25 at 3pm?,0.8459739685058594,Calendar,Calendar,CheckAvailability,CheckAvailability,/calendar/availability,/calendar/availability,date=July 5;time=2pm,date=UNKNOWN;time=2pm,CheckAvailability,CheckAvailability,True,True,True,False,True,False
Check if my calendar is available for September 20.,Is my calendar available on Tuesday?,0.6744258999824524,Calendar,Calendar,CheckAvailability,CheckAvailability,/calendar/availability,/calendar/availability,date=September 20,date=UNKNOWN,CheckAvailability,CheckAvailability,True,True,True,False,True,False
Am I available for a meeting on next Thursday at 9am?,Am I available on Friday at 10am?,0.8067114353179932,Calendar,Calendar,CheckAvailability,CheckAvailability,/calendar/availability,/calendar/availability,date=next Thursday;time=9am,date=next Thursday;time=9am,CheckAvailability,CheckAvailability,True,True,True,True,True,True
Show whether I am available around October 15.,Can you see if I am available on July 5 at 2pm?,0.7326902151107788,Calendar,Calendar,CheckAvailability,CheckAvailability,/calendar/availability,/calendar/availability,date=October 15,date=UNKNOWN,CheckAvailability,CheckAvailability,True,True,True,False,True,False
Can something fit into my schedule on November 3 at noon?,List everything on my schedule for Thursday.,0.5138229131698608,Calendar,Calendar,CheckAvailability,ListEvents,/calendar/availability,/calendar/events,date=November 3;time=noon,date=UNKNOWN,CheckAvailability,ListEvents,True,False,False,False,False,False
Do I have anything blocking next Wednesday?,Am I available on Monday?,0.5160876512527466,Calendar,Calendar,CheckAvailability,CheckAvailability,/calendar/availability,/calendar/availability,date=next Wednesday,date=next Wednesday,CheckAvailability,CheckAvailability,True,True,True,True,True,True
Could I say yes to a call on August 8 at 4pm?,Am I available for a meeting on next Thursday at 9am?,0.5570905208587646,Calendar,Calendar,CheckAvailability,CheckAvailability,/calendar/availability,/calendar/availability,date=August 8;time=4pm,date=UNKNOWN;time=4pm,CheckAvailability,CheckAvailability,True,True,True,False,True,False
Would December 1 work for me?,Check the forecasted conditions in Vienna for December 25.,0.4670213758945465,Calendar,Weather,CheckAvailability,GetForecast,/calendar/availability,/weather/forecast,date=December 1,city=UNKNOWN;date=UNKNOWN,CheckAvailability,GetForecast,False,False,False,False,False,False
List my calendar events for Monday.,Display my calendar events for next Friday.,0.7933586239814758,Calendar,Calendar,ListEvents,ListEvents,/calendar/events,/calendar/events,date=Monday,date=Monday,ListEvents,ListEvents,True,True,True,True,True,True
Show me all events scheduled for June 25.,Show my calendar events and meetings for August 5.,0.6819816827774048,Calendar,Calendar,ListEvents,ListEvents,/calendar/events,/calendar/events,date=June 25,date=UNKNOWN,ListEvents,ListEvents,True,True,True,False,True,False
List the meetings I have for tomorrow.,List everything on my schedule for Thursday.,0.5793923735618591,Calendar,Calendar,ListEvents,ListEvents,/calendar/events,/calendar/events,date=tomorrow,date=tomorrow,ListEvents,ListEvents,True,True,True,True,True,True
Display my calendar events for next Friday.,List my calendar events for Monday.,0.7933586239814758,Calendar,Calendar,ListEvents,ListEvents,/calendar/events,/calendar/events,date=next Friday,date=next Friday,ListEvents,ListEvents,True,True,True,True,True,True
Show calendar appointments and events on July 10.,Update calendar event EVT-884 to July 10 at 10am.,0.7427566051483154,Calendar,Calendar,ListEvents,UpdateMeeting,/calendar/events,/calendar/meetings/update,date=July 10,meetingId=UNKNOWN,ListEvents,UpdateMeeting,True,False,False,False,False,False
List everything on my schedule for Thursday.,List my calendar events for Monday.,0.644635796546936,Calendar,Calendar,ListEvents,ListEvents,/calendar/events,/calendar/events,date=Thursday,date=Thursday,ListEvents,ListEvents,True,True,True,True,True,True
Show my calendar events and meetings for August 5.,Display my calendar events for next Friday.,0.7318015098571777,Calendar,Calendar,ListEvents,ListEvents,/calendar/events,/calendar/events,date=August 5,date=UNKNOWN,ListEvents,ListEvents,True,True,True,False,True,False
Can you list events on September 12?,Show me all events scheduled for June 25.,0.6806008815765381,Calendar,Calendar,ListEvents,ListEvents,/calendar/events,/calendar/events,date=September 12,date=UNKNOWN,ListEvents,ListEvents,True,True,True,False,True,False
What do I have going on today?,Do I have anything blocking next Wednesday?,0.40883487462997437,Calendar,Calendar,ListEvents,CheckAvailability,/calendar/events,/calendar/availability,date=today,date=today,ListEvents,CheckAvailability,True,False,False,True,False,False
Let me see everything booked for next Tuesday.,Show me all events scheduled for June 25.,0.5414564609527588,Calendar,Calendar,ListEvents,ListEvents,/calendar/events,/calendar/events,date=next Tuesday,date=next Tuesday,ListEvents,ListEvents,True,True,True,True,True,True
How does my day look on October 28?,Is my calendar available on Tuesday?,0.5249953866004944,Calendar,Calendar,ListEvents,CheckAvailability,/calendar/events,/calendar/availability,date=October 28,date=UNKNOWN,ListEvents,CheckAvailability,True,False,False,False,False,False
Remind me what I committed to on November 15.,List everything on my schedule for Thursday.,0.37634047865867615,Calendar,Calendar,ListEvents,ListEvents,/calendar/events,/calendar/events,date=November 15,date=UNKNOWN,ListEvents,ListEvents,True,True,True,False,True,False
