query,true_domain,pred_domain,true_intent,pred_intent,true_endpoint,pred_endpoint,true_parameters,pred_parameters,true_ontology,pred_ontology,domain_correct,intent_correct,endpoint_correct,parameter_correct,ontology_correct,full_correct
What's the weather like in Istanbul right now?,Weather,Weather,GetCurrentWeather,GetCurrentWeather,/weather/current,/weather/current,city=Istanbul,location=Istanbul,GetCurrentWeather,GetCurrentWeather,True,True,True,False,True,False
Tell me the current weather conditions in Tokyo.,Weather,Weather,GetCurrentWeather,GetCurrentWeather,/weather/current,/weather/current,city=Tokyo,location=Tokyo,GetCurrentWeather,GetCurrentWeather,True,True,True,False,True,False
Give me a weather update for London today.,Weather,Weather,GetCurrentWeather,GetCurrentWeather,/weather/current,/weather/current,city=London,location=London;date=today,GetCurrentWeather,GetCurrentWeather,True,True,True,False,True,False
Show the present weather in Paris.,Weather,Weather,GetCurrentWeather,GetCurrentWeather,/weather/current,/weather/current,city=Paris,location=Paris,GetCurrentWeather,GetCurrentWeather,True,True,True,False,True,False
"Current weather in New York, please.",Weather,Weather,GetCurrentWeather,GetCurrentWeather,/weather/current,/weather/current,city=New York,location=New York,GetCurrentWeather,GetCurrentWeather,True,True,True,False,True,False
How is the weather feeling in Dubai at the moment?,Weather,Weather,GetCurrentWeather,GetCurrentWeather,/weather/current,/weather/current,city=Dubai,location=Dubai,GetCurrentWeather,GetCurrentWeather,True,True,True,False,True,False
"Can you check the weather around Berlin before I go out, using celsius?",Weather,Weather,GetCurrentWeather,GetCurrentWeather,/weather/current,/weather/current,city=Berlin;unit=celsius,location=Berlin;unit=celsius,GetCurrentWeather,GetCurrentWeather,True,True,True,False,True,False
I need a quick weather read for Sydney.,Weather,Weather,GetCurrentWeather,GetCurrentWeather,/weather/current,/weather/current,city=Sydney,location=Sydney,GetCurrentWeather,GetCurrentWeather,True,True,True,False,True,False
Can you check the sky conditions around Moscow?,Weather,Weather,GetCurrentWeather,GetCurrentWeather,/weather/current,/weather/current,city=Moscow,location=Moscow,GetCurrentWeather,GetCurrentWeather,True,True,True,False,True,False
"Before I head out in Toronto, what is it like outside, using fahrenheit?",Weather,Weather,GetCurrentWeather,GetCurrentWeather,/weather/current,/weather/current,city=Toronto;unit=fahrenheit,location=Toronto;unit=fahrenheit,GetCurrentWeather,GetCurrentWeather,True,True,True,False,True,False
Do I need a jacket if I am going out in Singapore now?,Weather,Weather,GetCurrentWeather,GetCurrentWeather,/weather/current,/weather/current,city=Singapore,location=Singapore;time=now,GetCurrentWeather,GetCurrentWeather,True,True,True,False,True,False
Give me a quick read on conditions around Amsterdam.,Weather,Weather,GetCurrentWeather,GetCurrentWeather,/weather/current,/weather/current,city=Amsterdam,location=Amsterdam,GetCurrentWeather,GetCurrentWeather,True,True,True,False,True,False
What is the weather forecast for Istanbul on tomorrow?,Weather,Weather,GetForecast,GetForecast,/weather/forecast,/weather/forecast,city=Istanbul;date=tomorrow,location=Istanbul;date=tomorrow,GetForecast,GetForecast,True,True,True,False,True,False
Show me the forecast for Paris for Friday.,Weather,Weather,GetForecast,GetForecast,/weather/forecast,/weather/forecast,city=Paris;date=Friday,location=Paris;date=Friday,GetForecast,GetForecast,True,True,True,False,True,False
Will it rain or snow in London on next Monday?,Weather,Weather,GetForecast,GetForecast,/weather/forecast,/weather/forecast,city=London;date=next Monday,location=London;date=next Monday,GetForecast,GetForecast,True,True,True,False,True,False
Give me the weather forecast for Barcelona on Saturday.,Weather,Weather,GetForecast,GetForecast,/weather/forecast,/weather/forecast,city=Barcelona;date=Saturday,location=Barcelona;date=Saturday,GetForecast,GetForecast,True,True,True,False,True,False
What will the weather be like in New York 2026-06-20 in celsius?,Weather,Weather,GetForecast,GetForecast,/weather/forecast,/weather/forecast,city=New York;date=2026-06-20;unit=celsius,location=New York;date=2026-06-20;unit=celsius,GetForecast,GetForecast,True,True,True,False,True,False
Check the forecasted conditions in Vienna for December 25.,Weather,Weather,GetForecast,GetForecast,/weather/forecast,/weather/forecast,city=Vienna;date=December 25,location=Vienna;date=2023-12-25,GetForecast,GetForecast,True,True,True,False,True,False
I am planning around Dubai on next Thursday; get the forecast.,Weather,Weather,GetForecast,GetForecast,/weather/forecast,/weather/forecast,city=Dubai;date=next Thursday,location=Dubai;date=next Thursday,GetForecast,GetForecast,True,True,True,False,True,False
Do you have a forecast for Sydney on June 25 in fahrenheit?,Weather,Weather,GetForecast,GetForecast,/weather/forecast,/weather/forecast,city=Sydney;date=June 25;unit=fahrenheit,location=Sydney;date=June 25;unit=fahrenheit,GetForecast,GetForecast,True,True,True,False,True,False
Do you think Rome gets storms on next Wednesday?,Weather,Weather,GetForecast,GetForecast,/weather/forecast,/weather/forecast,city=Rome;date=next Wednesday,location=Rome;date=next Wednesday,GetForecast,GetForecast,True,True,True,False,True,False
Check whether Miami looks cold or warm on Sunday.,Weather,Weather,GetForecast,GetForecast,/weather/forecast,/weather/forecast,city=Miami;date=Sunday,location=Miami;date=Sunday,GetForecast,GetForecast,True,True,True,False,True,False
Should I pack an umbrella for Moscow on New Year's Eve?,Weather,Weather,GetForecast,GetForecast,/weather/forecast,/weather/forecast,city=Moscow;date=New Year's Eve,location=Moscow;date=New Year's Eve,GetForecast,GetForecast,True,True,True,False,True,False
"For my plans in Lisbon on July 4, do I need indoor backup?",Weather,Weather,GetForecast,GetForecast,/weather/forecast,/weather/forecast,city=Lisbon;date=July 4,location=Lisbon;date=July 4,GetForecast,GetForecast,True,True,True,False,True,False
What's the air quality in Beijing today?,Weather,Weather,GetAirQuality,GetAirQuality,/weather/air-quality,/weather/air-quality,city=Beijing,location=Beijing;date=today,GetAirQuality,GetAirQuality,True,True,True,False,True,False
Can you check the AQI for Delhi?,Weather,Weather,GetAirQuality,GetAirQuality,/weather/air-quality,/weather/air-quality,city=Delhi,location=Delhi,GetAirQuality,GetAirQuality,True,True,True,False,True,False
Show me the air quality and pollution level in Zurich right now.,Weather,Weather,GetAirQuality,GetAirQuality,/weather/air-quality,/weather/air-quality,city=Zurich,location=Zurich,GetAirQuality,GetAirQuality,True,True,True,False,True,False
Give me the current air quality readings for Shanghai.,Weather,Weather,GetAirQuality,GetAirQuality,/weather/air-quality,/weather/air-quality,city=Shanghai,location=Shanghai,GetAirQuality,GetAirQuality,True,True,True,False,True,False
Fetch the air quality index for Los Angeles.,Weather,Weather,GetAirQuality,GetAirQuality,/weather/air-quality,/weather/air-quality,city=Los Angeles,location=Los Angeles,GetAirQuality,GetAirQuality,True,True,True,False,True,False
How is the AQI looking in Seoul?,Weather,Weather,GetAirQuality,GetAirQuality,/weather/air-quality,/weather/air-quality,city=Seoul,location=Seoul,GetAirQuality,GetAirQuality,True,True,True,False,True,False
Is the air quality in Cairo safe for a run?,Weather,Weather,GetAirQuality,GetAirQuality,/weather/air-quality,/weather/air-quality,city=Cairo,location=Cairo,GetAirQuality,GetAirQuality,True,True,True,False,True,False
Tell me the air quality and pollution situation around Mexico City.,Weather,Weather,GetAirQuality,GetAirQuality,/weather/air-quality,/weather/air-quality,city=Mexico City,location=Mexico City,GetAirQuality,GetAirQuality,True,True,True,False,True,False
Should someone sensitive avoid outdoor exercise in São Paulo?,Weather,Weather,GetAirQuality,GetAirQuality,/weather/air-quality,/weather/air-quality,city=São Paulo,location=Sao Paulo;time=UNKNOWN,GetAirQuality,GetAirQuality,True,True,True,False,True,False
How breathable is it outside in Jakarta?,Weather,Weather,GetAirQuality,GetAirQuality,/weather/air-quality,/weather/air-quality,city=Jakarta,location=Jakarta,GetAirQuality,GetAirQuality,True,True,True,False,True,False
Would a mask be sensible outdoors in Karachi today?,Weather,Weather,GetAirQuality,GetAirQuality,/weather/air-quality,/weather/air-quality,city=Karachi,location=Karachi;date=UNKNOWN,GetAirQuality,GetAirQuality,True,True,True,False,True,False
Is it a good day for children to play outside in Bangkok?,Weather,Weather,GetAirQuality,GetCurrentWeather,/weather/air-quality,/weather/current,city=Bangkok,location=Bangkok;date=UNKNOWN,GetAirQuality,GetCurrentWeather,True,False,False,False,False,False
What is the temperature in Istanbul right now?,Weather,Weather,GetTemperature,GetTemperature,/weather/temperature,/weather/temperature,city=Istanbul,location=Istanbul;time=UNKNOWN,GetTemperature,GetTemperature,True,True,True,False,True,False
Show me the current temperature for Phoenix in fahrenheit.,Weather,Weather,GetTemperature,GetTemperature,/weather/temperature,/weather/temperature,city=Phoenix;unit=fahrenheit,location=Phoenix;unit=fahrenheit,GetTemperature,GetTemperature,True,True,True,False,True,False
"What is the temperature in Reykjavik today, in celsius?",Weather,Weather,GetTemperature,GetTemperature,/weather/temperature,/weather/temperature,city=Reykjavik;unit=celsius,location=Reykjavik;unit=celsius,GetTemperature,GetTemperature,True,True,True,False,True,False
How cold is the temperature in Helsinki at the moment?,Weather,Weather,GetTemperature,GetTemperature,/weather/temperature,/weather/temperature,city=Helsinki,location=Helsinki;time=UNKNOWN,GetTemperature,GetTemperature,True,True,True,False,True,False
Give me the temperature reading in Mumbai.,Weather,Weather,GetTemperature,GetTemperature,/weather/temperature,/weather/temperature,city=Mumbai,location=Mumbai,GetTemperature,GetTemperature,True,True,True,False,True,False
What temperature should I expect in Buenos Aires now?,Weather,Weather,GetTemperature,GetTemperature,/weather/temperature,/weather/temperature,city=Buenos Aires,location=Buenos Aires;time=now,GetTemperature,GetTemperature,True,True,True,False,True,False
Is the temperature in Nairobi hot or cold today?,Weather,Weather,GetTemperature,GetTemperature,/weather/temperature,/weather/temperature,city=Nairobi,location=Nairobi;date=UNKNOWN,GetTemperature,GetTemperature,True,True,True,False,True,False
Check the temperature outside in Riyadh.,Weather,Weather,GetTemperature,GetTemperature,/weather/temperature,/weather/temperature,city=Riyadh,location=Riyadh,GetTemperature,GetTemperature,True,True,True,False,True,False
Do I need a coat in Lisbon today in celsius?,Weather,Weather,GetTemperature,GetCurrentWeather,/weather/temperature,/weather/current,city=Lisbon;unit=celsius,location=Lisbon;unit=celsius,GetTemperature,GetCurrentWeather,True,False,False,False,False,False
Is Cape Town chilly right now?,Weather,Weather,GetTemperature,GetCurrentWeather,/weather/temperature,/weather/current,city=Cape Town,location=Cape Town;temperature=UNKNOWN,GetTemperature,GetCurrentWeather,True,False,False,False,False,False
"Can I dress lightly in Oslo this afternoon, in fahrenheit?",Weather,Weather,GetTemperature,GetCurrentWeather,/weather/temperature,/weather/current,city=Oslo;unit=fahrenheit,location=Oslo;unit=fahrenheit,GetTemperature,GetCurrentWeather,True,False,False,False,False,False
"Before I go out in Kuala Lumpur, should I expect it to feel warm?",Weather,Weather,GetTemperature,GetCurrentWeather,/weather/temperature,/weather/current,city=Kuala Lumpur,location=Kuala Lumpur;temperature=UNKNOWN,GetTemperature,GetCurrentWeather,True,False,False,False,False,False
What is the wind speed in Chicago right now?,Weather,Weather,GetWindSpeed,GetWindSpeed,/weather/wind,/weather/wind,city=Chicago,location=Chicago,GetWindSpeed,GetWindSpeed,True,True,True,False,True,False
Check the wind conditions in Amsterdam for me.,Weather,Weather,GetWindSpeed,GetWindSpeed,/weather/wind,/weather/wind,city=Amsterdam,location=Amsterdam,GetWindSpeed,GetWindSpeed,True,True,True,False,True,False
How strong are the winds in Wellington today?,Weather,Weather,GetWindSpeed,GetWindSpeed,/weather/wind,/weather/wind,city=Wellington,location=Wellington;date=today,GetWindSpeed,GetWindSpeed,True,True,True,False,True,False
Is it windy in Dublin at the moment?,Weather,Weather,GetWindSpeed,GetWindSpeed,/weather/wind,/weather/wind,city=Dublin,location=Dublin;time=UNKNOWN,GetWindSpeed,GetWindSpeed,True,True,True,False,True,False
Give me the wind report for Copenhagen.,Weather,Weather,GetWindSpeed,GetWindSpeed,/weather/wind,/weather/wind,city=Copenhagen,location=Copenhagen,GetWindSpeed,GetWindSpeed,True,True,True,False,True,False
What are the wind conditions around Casablanca now?,Weather,Weather,GetWindSpeed,GetWindSpeed,/weather/wind,/weather/wind,city=Casablanca,location=Casablanca,GetWindSpeed,GetWindSpeed,True,True,True,False,True,False
Tell me the wind speed before I cycle in Edinburgh.,Weather,Weather,GetWindSpeed,GetWindSpeed,/weather/wind,/weather/wind,city=Edinburgh,location=Edinburgh,GetWindSpeed,GetWindSpeed,True,True,True,False,True,False
Is the wind in Honolulu strong enough to affect sailing?,Weather,Weather,GetWindSpeed,GetWindSpeed,/weather/wind,/weather/wind,city=Honolulu,location=Honolulu;strength=UNKNOWN,GetWindSpeed,GetWindSpeed,True,True,True,False,True,False
Tell me if Doha has strong gusts right now.,Weather,Weather,GetWindSpeed,GetWindSpeed,/weather/wind,/weather/wind,city=Doha,location=Doha;strength=UNKNOWN,GetWindSpeed,GetWindSpeed,True,True,True,False,True,False
Are outdoor tables likely to blow around in Bali?,Weather,Weather,GetWindSpeed,GetWindSpeed,/weather/wind,/weather/wind,city=Bali,location=Bali;time=UNKNOWN,GetWindSpeed,GetWindSpeed,True,True,True,False,True,False
Should I avoid a kite lesson in Marseille today?,Weather,Weather,GetWindSpeed,GetCurrentWeather,/weather/wind,/weather/current,city=Marseille,location=Marseille;date=today,GetWindSpeed,GetCurrentWeather,True,False,False,False,False,False
Will it feel calm enough for a waterfront walk in Lisbon?,Weather,Weather,GetWindSpeed,GetCurrentWeather,/weather/wind,/weather/current,city=Lisbon,location=Lisbon;time=UNKNOWN,GetWindSpeed,GetCurrentWeather,True,False,False,False,False,False
Find flights from London to Paris on June 25.,Travel,Travel,SearchFlight,SearchFlight,/travel/flights/search,/travel/flights/search,from=London;to=Paris;date=June 25,from=London;to=Paris;date=June 25,SearchFlight,SearchFlight,True,True,True,True,True,True
Search for a flight leaving New York for Tokyo on July 10.,Travel,Travel,SearchFlight,SearchFlight,/travel/flights/search,/travel/flights/search,from=New York;to=Tokyo;date=July 10,departure=New York;destination=Tokyo;date=July 10,SearchFlight,SearchFlight,True,True,True,False,True,False
Show available flights from Dubai to Bali on August 1.,Travel,Travel,SearchFlight,SearchFlight,/travel/flights/search,/travel/flights/search,from=Dubai;to=Bali;date=August 1,from=Dubai;to=Bali;date=August 1,SearchFlight,SearchFlight,True,True,True,True,True,True
What flights go from Istanbul to Berlin on next Friday?,Travel,Travel,SearchFlight,SearchFlight,/travel/flights/search,/travel/flights/search,from=Istanbul;to=Berlin;date=next Friday,from=Istanbul;to=Berlin;date=UNKNOWN,SearchFlight,SearchFlight,True,True,True,False,True,False
Look up flight options between Sydney and Singapore for September 15.,Travel,Travel,SearchFlight,SearchFlight,/travel/flights/search,/travel/flights/search,from=Sydney;to=Singapore;date=September 15,from=Sydney;to=Singapore;date=September 15,SearchFlight,SearchFlight,True,True,True,True,True,True
I need a flight from Toronto to Mexico City on 2026-07-04.,Travel,Travel,SearchFlight,SearchFlight,/travel/flights/search,/travel/flights/search,from=Toronto;to=Mexico City;date=2026-07-04,from=Toronto;to=Mexico City;date=2026-07-04,SearchFlight,SearchFlight,True,True,True,True,True,True
Which flight can take me from Cairo to Rome on Monday?,Travel,Travel,SearchFlight,SearchFlight,/travel/flights/search,/travel/flights/search,from=Cairo;to=Rome;date=Monday,from=Cairo;to=Rome;date=Monday,SearchFlight,SearchFlight,True,True,True,True,True,True
Check flight connections from Amsterdam to Seoul on June 30.,Travel,Travel,SearchFlight,SearchFlight,/travel/flights/search,/travel/flights/search,from=Amsterdam;to=Seoul;date=June 30,from=Amsterdam;to=Seoul;date=June 30,SearchFlight,SearchFlight,True,True,True,True,True,True
What routes are available from Johannesburg to Nairobi on December 20?,Travel,Travel,SearchFlight,SearchFlight,/travel/flights/search,/travel/flights/search,from=Johannesburg;to=Nairobi;date=December 20,from=Johannesburg;to=Nairobi;date=December 20,SearchFlight,SearchFlight,True,True,True,True,True,True
Can you check connections from Madrid to Buenos Aires on October 5?,Travel,Travel,SearchFlight,SearchFlight,/travel/flights/search,/travel/flights/search,from=Madrid;to=Buenos Aires;date=October 5,from=Madrid;to=Buenos Aires;date=October 5,SearchFlight,SearchFlight,True,True,True,True,True,True
Help me plan the Bangkok to Mumbai leg on this coming Thursday.,Travel,Travel,SearchFlight,SearchFlight,/travel/flights/search,/travel/flights/search,from=Bangkok;to=Mumbai;date=this coming Thursday,from=Bangkok;to=Mumbai;date=UNKNOWN,SearchFlight,SearchFlight,True,True,True,False,True,False
I have to be in Lisbon after leaving Vienna on November 11; what are my options?,Travel,Travel,SearchFlight,SearchFlight,/travel/flights/search,/travel/flights/search,from=Vienna;to=Lisbon;date=November 11,from=Vienna;to=Lisbon;date=2023-11-11,SearchFlight,SearchFlight,True,True,True,False,True,False
Book flight FL123 for passenger John Smith.,Travel,Travel,BookFlight,BookFlight,/travel/flights/book,/travel/flights/book,flightId=FL123;passengerName=John Smith,flightNumber=FL123;passengerName=John Smith,BookFlight,BookFlight,True,True,True,False,True,False
Reserve flight EK456 under the name Maria Garcia.,Travel,Travel,BookFlight,BookFlight,/travel/flights/book,/travel/flights/book,flightId=EK456;passengerName=Maria Garcia,flightNumber=EK456;passengerName=Maria Garcia,BookFlight,BookFlight,True,True,True,False,True,False
Please book flight TK789 for Ahmed Al-Rashid.,Travel,Travel,BookFlight,BookFlight,/travel/flights/book,/travel/flights/book,flightId=TK789;passengerName=Ahmed Al-Rashid,flightNumber=TK789;passengerName=Ahmed Al-Rashid,BookFlight,BookFlight,True,True,True,False,True,False
Confirm the booking for flight BA202 for Emily Johnson.,Travel,Travel,BookFlight,BookFlight,/travel/flights/book,/travel/flights/book,flightId=BA202;passengerName=Emily Johnson,flightNumber=BA202;passengerName=Emily Johnson,BookFlight,BookFlight,True,True,True,False,True,False
I want to reserve flight SQ315 for Liu Wei.,Travel,Travel,BookFlight,BookFlight,/travel/flights/book,/travel/flights/book,flightId=SQ315;passengerName=Liu Wei,flightNumber=SQ315;passengerName=Liu Wei,BookFlight,BookFlight,True,True,True,False,True,False
Can you book flight AF550 with passenger Pierre Dupont?,Travel,Travel,BookFlight,BookFlight,/travel/flights/book,/travel/flights/book,flightId=AF550;passengerName=Pierre Dupont,flightNumber=AF550;passengerName=Pierre Dupont,BookFlight,BookFlight,True,True,True,False,True,False
Please reserve flight LH830; the passenger is Priya Sharma.,Travel,Travel,BookFlight,BookFlight,/travel/flights/book,/travel/flights/book,flightId=LH830;passengerName=Priya Sharma,flightNumber=LH830;passengerName=Priya Sharma,BookFlight,BookFlight,True,True,True,False,True,False
Book flight QR100 and put Omar Abdullah on it.,Travel,Travel,BookFlight,BookFlight,/travel/flights/book,/travel/flights/book,flightId=QR100;passengerName=Omar Abdullah,flightNumber=QR100;passengerName=Omar Abdullah,BookFlight,BookFlight,True,True,True,False,True,False
Register Sarah O'Brien for AA77.,Travel,Travel,BookFlight,BookFlight,/travel/flights/book,/travel/flights/book,flightId=AA77;passengerName=Sarah O'Brien,passengerName=Sarah O'Brien;flightNumber=AA77,BookFlight,BookFlight,True,True,True,False,True,False
Go ahead with UA990; passenger name is Carlos Rivera.,Travel,Travel,BookFlight,BookFlight,/travel/flights/book,/travel/flights/book,flightId=UA990;passengerName=Carlos Rivera,flightNumber=UA990;passengerName=Carlos Rivera,BookFlight,BookFlight,True,True,True,False,True,False
Make Kenji Tanaka's seat official on IB640.,Travel,Travel,BookFlight,BookFlight,/travel/flights/book,/travel/flights/book,flightId=IB640;passengerName=Kenji Tanaka,passenger=Kenji Tanaka;flight=IB640,BookFlight,BookFlight,True,True,True,False,True,False
Finish the travel purchase for Fatima Al-Amin on EY350.,Travel,Travel,BookFlight,BookFlight,/travel/flights/book,/travel/flights/book,flightId=EY350;passengerName=Fatima Al-Amin,passengerName=Fatima Al-Amin;flightNumber=EY350,BookFlight,BookFlight,True,True,True,False,True,False
Cancel flight booking B00123.,Travel,Travel,CancelFlight,CancelFlight,/travel/flights/cancel,/travel/flights/cancel,bookingId=B00123,bookingId=B00123,CancelFlight,CancelFlight,True,True,True,True,True,True
I need to cancel my flight reservation FLT-8821.,Travel,Travel,CancelFlight,CancelFlight,/travel/flights/cancel,/travel/flights/cancel,bookingId=FLT-8821,flightId=FLT-8821,CancelFlight,CancelFlight,True,True,True,False,True,False
Please cancel the flight tied to booking TKT-990.,Travel,Travel,CancelFlight,CancelFlight,/travel/flights/cancel,/travel/flights/cancel,bookingId=TKT-990,bookingId=TKT-990,CancelFlight,CancelFlight,True,True,True,True,True,True
Cancel my upcoming flight with booking ID BK-4567.,Travel,Travel,CancelFlight,CancelFlight,/travel/flights/cancel,/travel/flights/cancel,bookingId=BK-4567,bookingId=BK-4567,CancelFlight,CancelFlight,True,True,True,True,True,True
Cancel the flight booking reference 20039.,Travel,Travel,CancelFlight,CancelFlight,/travel/flights/cancel,/travel/flights/cancel,bookingId=20039,bookingReference=20039,CancelFlight,CancelFlight,True,True,True,False,True,False
My travel changed; cancel flight booking REF-7732.,Travel,Travel,CancelFlight,CancelFlight,/travel/flights/cancel,/travel/flights/cancel,bookingId=REF-7732,bookingReference=REF-7732,CancelFlight,CancelFlight,True,True,True,False,True,False
"I cannot take the flight, so cancel booking 55AB-X.",Travel,Travel,CancelFlight,CancelFlight,/travel/flights/cancel,/travel/flights/cancel,bookingId=55AB-X,bookingId=55AB-X,CancelFlight,CancelFlight,True,True,True,True,True,True
Cancel flight reservation TRIP-1820 for me.,Travel,Travel,CancelFlight,CancelFlight,/travel/flights/cancel,/travel/flights/cancel,bookingId=TRIP-1820,reservationId=TRIP-1820,CancelFlight,CancelFlight,True,True,True,False,True,False
Stop the ticket associated with PNR-3344.,Travel,Travel,CancelFlight,CancelFlight,/travel/flights/cancel,/travel/flights/cancel,bookingId=PNR-3344,pnr=PNR-3344,CancelFlight,CancelFlight,True,True,True,False,True,False
I will not be flying on CNX-001; close it out.,Travel,Travel,CancelFlight,CancelFlight,/travel/flights/cancel,/travel/flights/cancel,bookingId=CNX-001,flightId=CNX-001,CancelFlight,CancelFlight,True,True,True,False,True,False
"Plans changed, so FLIGHT-66Z needs to go away.",Travel,Travel,CancelFlight,CancelFlight,/travel/flights/cancel,/travel/flights/cancel,bookingId=FLIGHT-66Z,flightId=FLIGHT-66Z,CancelFlight,CancelFlight,True,True,True,False,True,False
Can you make sure VF-2209 is not active anymore?,Travel,Order,CancelFlight,CancelOrder,/travel/flights/cancel,/orders/cancel,bookingId=VF-2209,orderId=VF-2209,CancelFlight,CancelOrder,False,False,False,False,False,False
Find hotels in Paris for 3 nights starting June 20.,Travel,Travel,SearchHotel,SearchHotel,/travel/hotels/search,/travel/hotels/search,city=Paris;checkIn=June 20;nights=3,location=Paris;duration=3;start_date=June 20,SearchHotel,SearchHotel,True,True,True,False,True,False
Search hotel options in Tokyo from July 5 for 7 nights.,Travel,Travel,SearchHotel,SearchHotel,/travel/hotels/search,/travel/hotels/search,city=Tokyo;checkIn=July 5;nights=7,location=Tokyo;check_in=July 5;duration=7,SearchHotel,SearchHotel,True,True,True,False,True,False
Show available hotels in Dubai checking in August 10 for 5 nights.,Travel,Travel,SearchHotel,SearchHotel,/travel/hotels/search,/travel/hotels/search,city=Dubai;checkIn=August 10;nights=5,location=Dubai;check_in=August 10;duration=5,SearchHotel,SearchHotel,True,True,True,False,True,False
I need a hotel in New York from next Monday for 2 nights.,Travel,Travel,SearchHotel,SearchHotel,/travel/hotels/search,/travel/hotels/search,city=New York;checkIn=next Monday;nights=2,location=New York;check_in=UNKNOWN;check_out=UNKNOWN;guests=UNKNOWN,SearchHotel,SearchHotel,True,True,True,False,True,False
Look up hotel availability in Barcelona beginning September 1 for 4 nights.,Travel,Travel,SearchHotel,SearchHotel,/travel/hotels/search,/travel/hotels/search,city=Barcelona;checkIn=September 1;nights=4,location=Barcelona;check_in=September 1;check_out=September 5;number_of_nights=4,SearchHotel,SearchHotel,True,True,True,False,True,False
Any hotel rooms in Rome from October 10 for 6 nights?,Travel,Travel,SearchHotel,SearchHotel,/travel/hotels/search,/travel/hotels/search,city=Rome;checkIn=October 10;nights=6,location=Rome;check_in=2023-10-10;check_out=2023-10-16;number_of_nights=6,SearchHotel,SearchHotel,True,True,True,False,True,False
"Check hotel stays in Singapore, starting November 15, for 3 nights.",Travel,Travel,SearchHotel,SearchHotel,/travel/hotels/search,/travel/hotels/search,city=Singapore;checkIn=November 15;nights=3,location=Singapore;check_in=November 15;nights=3,SearchHotel,SearchHotel,True,True,True,False,True,False
What hotel options are open in Istanbul on this Friday for 5 nights?,Travel,Travel,SearchHotel,SearchHotel,/travel/hotels/search,/travel/hotels/search,city=Istanbul;checkIn=this Friday;nights=5,location=Istanbul;check_in=UNKNOWN;check_out=UNKNOWN;number_of_nights=5,SearchHotel,SearchHotel,True,True,True,False,True,False
Any rooms around Bali for 10 nights after December 23?,Travel,Travel,SearchHotel,SearchHotel,/travel/hotels/search,/travel/hotels/search,city=Bali;checkIn=December 23;nights=10,location=Bali;check_in=2023-12-23;check_out=2024-01-02;duration=10,SearchHotel,SearchHotel,True,True,True,False,True,False
Where can I sleep in Amsterdam from January 3 for 2 nights?,Travel,Travel,SearchHotel,SearchHotel,/travel/hotels/search,/travel/hotels/search,city=Amsterdam;checkIn=January 3;nights=2,location=Amsterdam;check_in=2024-01-03;check_out=2024-01-05;guests=UNKNOWN,SearchHotel,SearchHotel,True,True,True,False,True,False
"Help me sort lodging in Sydney, March 15, for 8 nights.",Travel,Travel,SearchHotel,SearchHotel,/travel/hotels/search,/travel/hotels/search,city=Sydney;checkIn=March 15;nights=8,location=Sydney;check_in=2024-03-15;check_out=2024-03-23;number_of_nights=8,SearchHotel,SearchHotel,True,True,True,False,True,False
I need somewhere in Marrakech for 4 nights beginning April 5.,Travel,Travel,SearchHotel,SearchHotel,/travel/hotels/search,/travel/hotels/search,city=Marrakech;checkIn=April 5;nights=4,location=Marrakech;check_in=2023-04-05;check_out=2023-04-09;number_of_nights=4,SearchHotel,SearchHotel,True,True,True,False,True,False
Book hotel H-5520 for James Miller for 3 nights.,Travel,Travel,BookHotel,BookHotel,/travel/hotels/book,/travel/hotels/book,hotelId=H-5520;guestName=James Miller;nights=3,hotelId=H-5520;guestName=James Miller;nights=3,BookHotel,BookHotel,True,True,True,True,True,True
Reserve hotel GRAND-09 for Ana Petrova for 2 nights.,Travel,Travel,BookHotel,BookHotel,/travel/hotels/book,/travel/hotels/book,hotelId=GRAND-09;guestName=Ana Petrova;nights=2,hotelId=GRAND-09;guestName=Ana Petrova;nights=2,BookHotel,BookHotel,True,True,True,True,True,True
Please book hotel HTL-330 under Yuki Nakamura for 5 nights.,Travel,Travel,BookHotel,BookHotel,/travel/hotels/book,/travel/hotels/book,hotelId=HTL-330;guestName=Yuki Nakamura;nights=5,hotelId=HTL-330;guestName=Yuki Nakamura;nights=5,BookHotel,BookHotel,True,True,True,True,True,True
Confirm the hotel booking at AZURE-12 for Michael Brown for 1 night.,Travel,Travel,BookHotel,BookHotel,/travel/hotels/book,/travel/hotels/book,hotelId=AZURE-12;guestName=Michael Brown;nights=1,hotelId=AZURE-12;guestName=Michael Brown;duration=1,BookHotel,BookHotel,True,True,True,False,True,False
I want to reserve hotel PLAZA-77 for Leila Ahmadi for 7 nights.,Travel,Travel,BookHotel,BookHotel,/travel/hotels/book,/travel/hotels/book,hotelId=PLAZA-77;guestName=Leila Ahmadi;nights=7,hotel=PLAZA-77;guest=Leila Ahmadi;nights=7,BookHotel,BookHotel,True,True,True,False,True,False
Can you book hotel HILTON-X for guest Daniel Kim for 4 nights?,Travel,Travel,BookHotel,BookHotel,/travel/hotels/book,/travel/hotels/book,hotelId=HILTON-X;guestName=Daniel Kim;nights=4,hotel=HILTON-X;guest=Daniel Kim;nights=4,BookHotel,BookHotel,True,True,True,False,True,False
"Reserve hotel RESORT-88; guest name Sophie Martin, stay length 6 nights.",Travel,Travel,BookHotel,BookHotel,/travel/hotels/book,/travel/hotels/book,hotelId=RESORT-88;guestName=Sophie Martin;nights=6,hotel=RESORT-88;guest_name=Sophie Martin;stay_length=6,BookHotel,BookHotel,True,True,True,False,True,False
Book hotel INN-200 so Ravi Patel has it for 3 nights.,Travel,Travel,BookHotel,BookHotel,/travel/hotels/book,/travel/hotels/book,hotelId=INN-200;guestName=Ravi Patel;nights=3,hotelId=INN-200;guestName=Ravi Patel;nights=3,BookHotel,BookHotel,True,True,True,True,True,True
"Hold a room at SUITES-55 for Elena Popescu, 2 nights.",Travel,Travel,BookHotel,BookHotel,/travel/hotels/book,/travel/hotels/book,hotelId=SUITES-55;guestName=Elena Popescu;nights=2,hotel=SUITES-55;guest=Elena Popescu;nights=2,BookHotel,BookHotel,True,True,True,False,True,False
Finalize Chris Evans's stay at BEACH-40 for 10 nights.,Travel,Travel,BookHotel,BookHotel,/travel/hotels/book,/travel/hotels/book,hotelId=BEACH-40;guestName=Chris Evans;nights=10,hotel=BEACH-40;duration=10;guest=Chris Evans,BookHotel,BookHotel,True,True,True,False,True,False
Make sure Amara Diallo has lodging at MANOR-15 for 3 nights.,Travel,Travel,BookHotel,BookHotel,/travel/hotels/book,/travel/hotels/book,hotelId=MANOR-15;guestName=Amara Diallo;nights=3,hotel=MANOR-15;nights=3;guest=Amara Diallo,BookHotel,BookHotel,True,True,True,False,True,False
Lock in VISTA-22 for Omar Hassan over 5 nights.,Travel,Travel,BookHotel,BookHotel,/travel/hotels/book,/travel/hotels/book,hotelId=VISTA-22;guestName=Omar Hassan;nights=5,hotelId=VISTA-22;guestName=Omar Hassan;nights=5,BookHotel,BookHotel,True,True,True,True,True,True
Search product options for wireless headphones under $100.,Product,Product,SearchProduct,SearchProduct,/products/search,/products/search,keyword=wireless headphones;maxPrice=100,query=wired headphones;max_price=100,SearchProduct,SearchProduct,True,True,True,False,True,False
Find me product results for running shoes in sports.,Product,Product,SearchProduct,SearchProduct,/products/search,/products/search,keyword=running shoes;category=sports,query=running shoes;category=sports,SearchProduct,SearchProduct,True,True,True,False,True,False
Show products matching laptop under $800.,Product,Product,SearchProduct,SearchProduct,/products/search,/products/search,keyword=laptop;maxPrice=800,query=laptop;max_price=800,SearchProduct,SearchProduct,True,True,True,False,True,False
Look up product listings for coffee maker in kitchen.,Product,Product,SearchProduct,SearchProduct,/products/search,/products/search,keyword=coffee maker;category=kitchen,query=coffee maker;category=kitchen,SearchProduct,SearchProduct,True,True,True,False,True,False
Browse products for yoga mat under $50.,Product,Product,SearchProduct,SearchProduct,/products/search,/products/search,keyword=yoga mat;maxPrice=50,query=yoga mat;max_price=50,SearchProduct,SearchProduct,True,True,True,False,True,False
I am looking for product choices: gaming chair.,Product,Product,SearchProduct,SearchProduct,/products/search,/products/search,keyword=gaming chair,query=gaming chair,SearchProduct,SearchProduct,True,True,True,False,True,False
What product options do you have for noise-cancelling earbuds in electronics?,Product,Product,SearchProduct,SearchProduct,/products/search,/products/search,keyword=noise-cancelling earbuds;category=electronics,query=noise-cancelling earbuds;category=electronics,SearchProduct,SearchProduct,True,True,True,False,True,False
Pull up product matches for ergonomic office desk under $300.,Product,Product,SearchProduct,SearchProduct,/products/search,/products/search,keyword=ergonomic office desk;maxPrice=300,query=ergonomic office desk;max_price=300,SearchProduct,SearchProduct,True,True,True,False,True,False
Help me shop for winter jacket in clothing.,Product,Product,SearchProduct,SearchProduct,/products/search,/products/search,keyword=winter jacket;category=clothing,query=winter jacket;category=clothing,SearchProduct,SearchProduct,True,True,True,False,True,False
Can you show alternatives for portable Bluetooth speaker?,Product,Product,SearchProduct,SearchProduct,/products/search,/products/search,keyword=portable Bluetooth speaker,query=portable Bluetooth speaker,SearchProduct,SearchProduct,True,True,True,False,True,False
I need ideas for buying vitamin supplement in health under $30.,Product,Product,SearchProduct,SearchProduct,/products/search,/products/search,keyword=vitamin supplement;category=health;maxPrice=30,category=health;max_price=30,SearchProduct,SearchProduct,True,True,True,False,True,False
Point me toward decent robot vacuum cleaner.,Product,Product,SearchProduct,SearchProduct,/products/search,/products/search,keyword=robot vacuum cleaner,query=robot%20vacuum%20cleaner,SearchProduct,SearchProduct,True,True,True,False,True,False
Give me the product details for P-1023.,Product,Product,GetProductDetails,GetProductDetails,/products/details,/products/details,productId=P-1023,productId=P-1023,GetProductDetails,GetProductDetails,True,True,True,True,True,True
Show full information for product SKU-44891.,Product,Product,GetProductDetails,GetProductDetails,/products/details,/products/details,productId=SKU-44891,sku=SKU-44891,GetProductDetails,GetProductDetails,True,True,True,False,True,False
What are the product specs and details for PROD-772?,Product,Product,GetProductDetails,GetProductDetails,/products/details,/products/details,productId=PROD-772,productId=PROD-772,GetProductDetails,GetProductDetails,True,True,True,True,True,True
Fetch product information for B00X9QH3EY.,Product,Product,GetProductDetails,GetProductDetails,/products/details,/products/details,productId=B00X9QH3EY,productId=B00X9QH3EY,GetProductDetails,GetProductDetails,True,True,True,True,True,True
Open the details page for product ABC-990.,Product,Product,GetProductDetails,GetProductDetails,/products/details,/products/details,productId=ABC-990,productId=ABC-990,GetProductDetails,GetProductDetails,True,True,True,True,True,True
Tell me the product information listed for ITEM-33052.,Product,Product,GetProductDetails,GetProductDetails,/products/details,/products/details,productId=ITEM-33052,productId=ITEM-33052,GetProductDetails,GetProductDetails,True,True,True,True,True,True
I need details about product GADGET-7.,Product,Product,GetProductDetails,GetProductDetails,/products/details,/products/details,productId=GADGET-7,productId=GADGET-7,GetProductDetails,GetProductDetails,True,True,True,True,True,True
Pull up product details and specs for ZXY-001.,Product,Product,GetProductDetails,GetProductDetails,/products/details,/products/details,productId=ZXY-001,productId=ZXY-001,GetProductDetails,GetProductDetails,True,True,True,True,True,True
Let me inspect item CAT-5580 before buying.,Product,Product,GetProductDetails,GetProductDetails,/products/details,/products/details,productId=CAT-5580,productId=CAT-5580,GetProductDetails,GetProductDetails,True,True,True,True,True,True
Give me the full rundown on PR-4455.,Product,Product,GetProductDetails,GetProductDetails,/products/details,/products/details,productId=PR-4455,productId=PR-4455,GetProductDetails,GetProductDetails,True,True,True,True,True,True
"Before I decide, what is TECH-2210 exactly?",Product,Product,GetProductDetails,GetProductDetails,/products/details,/products/details,productId=TECH-2210,productId=TECH-2210,GetProductDetails,GetProductDetails,True,True,True,True,True,True
Show what comes with MODEL-X99.,Product,Product,GetProductDetails,GetProductDetails,/products/details,/products/details,productId=MODEL-X99,model=MODEL-X99,GetProductDetails,GetProductDetails,True,True,True,False,True,False
Compare product P-100 and product P-200.,Product,Product,CompareProducts,CompareProducts,/products/compare,/products/compare,productId1=P-100;productId2=P-200,productId1=P-100;productId2=P-200,CompareProducts,CompareProducts,True,True,True,True,True,True
Compare product SKU-A001 with product SKU-B002.,Product,Product,CompareProducts,CompareProducts,/products/compare,/products/compare,productId1=SKU-A001;productId2=SKU-B002,sku1=SKU-A001;sku2=SKU-B002,CompareProducts,CompareProducts,True,True,True,False,True,False
What is the difference between product ITEM-55 and product ITEM-66?,Product,Product,CompareProducts,CompareProducts,/products/compare,/products/compare,productId1=ITEM-55;productId2=ITEM-66,product1=ITEM-55;product2=ITEM-66,CompareProducts,CompareProducts,True,True,True,False,True,False
Compare the features of PROD-300 versus PROD-400.,Product,Product,CompareProducts,CompareProducts,/products/compare,/products/compare,productId1=PROD-300;productId2=PROD-400,product1=PROD-300;product2=PROD-400,CompareProducts,CompareProducts,True,True,True,False,True,False
Compare the product features of GAD-X1 and GAD-X2.,Product,Product,CompareProducts,CompareProducts,/products/compare,/products/compare,productId1=GAD-X1;productId2=GAD-X2,product1=GAD-X1;product2=GAD-X2,CompareProducts,CompareProducts,True,True,True,False,True,False
Can you compare M-Alpha with M-Beta?,Product,Product,CompareProducts,CompareProducts,/products/compare,/products/compare,productId1=M-Alpha;productId2=M-Beta,product1=M-Alpha;product2=M-Beta,CompareProducts,CompareProducts,True,True,True,False,True,False
Show the product difference between LAPTOP-A and LAPTOP-B.,Product,Product,CompareProducts,CompareProducts,/products/compare,/products/compare,productId1=LAPTOP-A;productId2=LAPTOP-B,product1=LAPTOP-A;product2=LAPTOP-B,CompareProducts,CompareProducts,True,True,True,False,True,False
Help me compare product IDs PH-1 and PH-2.,Product,Product,CompareProducts,CompareProducts,/products/compare,/products/compare,productId1=PH-1;productId2=PH-2,productId1=PH-1;productId2=PH-2,CompareProducts,CompareProducts,True,True,True,True,True,True
How does CAM-100 stack up against CAM-200?,Product,Product,CompareProducts,CompareProducts,/products/compare,/products/compare,productId1=CAM-100;productId2=CAM-200,product1=CAM-100;product2=CAM-200,CompareProducts,CompareProducts,True,True,True,False,True,False
Show the tradeoffs between SHOE-RED and SHOE-BLUE.,Product,Product,CompareProducts,CompareProducts,/products/compare,/products/compare,productId1=SHOE-RED;productId2=SHOE-BLUE,product1=SHOE-RED;product2=SHOE-BLUE,CompareProducts,CompareProducts,True,True,True,False,True,False
I am torn between HDP-1 and HDP-2; help me decide.,Product,Product,CompareProducts,CompareProducts,/products/compare,/products/compare,productId1=HDP-1;productId2=HDP-2,product1=HDP-1;product2=HDP-2,CompareProducts,CompareProducts,True,True,True,False,True,False
"If I can only buy one, TV-50 or TV-65, what differs?",Product,Product,CompareProducts,CompareProducts,/products/compare,/products/compare,productId1=TV-50;productId2=TV-65,product1=TV-50;product2=TV-65,CompareProducts,CompareProducts,True,True,True,False,True,False
Is product P-1023 currently available?,Product,Product,CheckProductAvailability,CheckProductAvailability,/products/availability,/products/availability,productId=P-1023,productId=P-1023,CheckProductAvailability,CheckProductAvailability,True,True,True,True,True,True
Check availability for product SKU-77892.,Product,Product,CheckProductAvailability,CheckProductAvailability,/products/availability,/products/availability,productId=SKU-77892,SKU=SKU-77892,CheckProductAvailability,CheckProductAvailability,True,True,True,False,True,False
Is item PROD-550 in stock right now?,Product,Product,CheckProductAvailability,CheckProductAvailability,/products/availability,/products/availability,productId=PROD-550,productId=PROD-550,CheckProductAvailability,CheckProductAvailability,True,True,True,True,True,True
Show the stock status and availability for product ITEM-9900.,Product,Product,CheckProductAvailability,CheckProductAvailability,/products/availability,/products/availability,productId=ITEM-9900,productId=ITEM-9900,CheckProductAvailability,CheckProductAvailability,True,True,True,True,True,True
Verify product availability for GADGET-42.,Product,Product,CheckProductAvailability,CheckProductAvailability,/products/availability,/products/availability,productId=GADGET-42,productId=GADGET-42,CheckProductAvailability,CheckProductAvailability,True,True,True,True,True,True
"Can product LAPTOP-PRO still be ordered, is it available?",Product,Product,CheckProductAvailability,CheckProductAvailability,/products/availability,/products/availability,productId=LAPTOP-PRO,productId=LAPTOP-PRO,CheckProductAvailability,CheckProductAvailability,True,True,True,True,True,True
Do you have product MODEL-ZZ in stock?,Product,Product,CheckProductAvailability,CheckProductAvailability,/products/availability,/products/availability,productId=MODEL-ZZ,model=MODEL-ZZ;availability=UNKNOWN,CheckProductAvailability,CheckProductAvailability,True,True,True,False,True,False
"Before I visit the store, see if product SNEAKER-X is available.",Product,Product,CheckProductAvailability,CheckProductAvailability,/products/availability,/products/availability,productId=SNEAKER-X,productId=SNEAKER-X,CheckProductAvailability,CheckProductAvailability,True,True,True,True,True,True
Tell me whether BOOK-1010 is still being sold.,Product,Product,CheckProductAvailability,CheckProductAvailability,/products/availability,/products/availability,productId=BOOK-1010,productId=BOOK-1010,CheckProductAvailability,CheckProductAvailability,True,True,True,True,True,True
Is HEADSET-PRO ready to ship?,Product,Product,CheckProductAvailability,CheckProductAvailability,/products/availability,/products/availability,productId=HEADSET-PRO,productId=HEADSET-PRO,CheckProductAvailability,CheckProductAvailability,True,True,True,True,True,True
Would checkout work for CAMERA-4K today?,Product,Product,CheckProductAvailability,CheckProductAvailability,/products/availability,/products/availability,productId=CAMERA-4K,productId=CAMERA-4K;date=today,CheckProductAvailability,CheckProductAvailability,True,True,True,True,True,True
Can I actually buy WATCH-S5 now?,Product,Product,CheckProductAvailability,CheckProductAvailability,/products/availability,/products/availability,productId=WATCH-S5,productId=WATCH-S5;quantity=UNKNOWN,CheckProductAvailability,CheckProductAvailability,True,True,True,True,True,True
Show me the product reviews for P-1023.,Product,Product,GetProductReviews,GetProductReviews,/products/reviews,/products/reviews,productId=P-1023,productId=P-1023,GetProductReviews,GetProductReviews,True,True,True,True,True,True
Fetch customer reviews for product SKU-55009.,Product,Product,GetProductReviews,GetProductReviews,/products/reviews,/products/reviews,productId=SKU-55009,sku=SKU-55009,GetProductReviews,GetProductReviews,True,True,True,False,True,False
What are the reviews saying about product PROD-887?,Product,Product,GetProductReviews,GetProductReviews,/products/reviews,/products/reviews,productId=PROD-887,productId=PROD-887,GetProductReviews,GetProductReviews,True,True,True,True,True,True
Display reviews and ratings for product ITEM-340.,Product,Product,GetProductReviews,GetProductReviews,/products/reviews,/products/reviews,productId=ITEM-340,productId=ITEM-340,GetProductReviews,GetProductReviews,True,True,True,True,True,True
Open the review section for product GADGET-9.,Product,Product,GetProductReviews,GetProductReviews,/products/reviews,/products/reviews,productId=GADGET-9,productId=GADGET-9,GetProductReviews,GetProductReviews,True,True,True,True,True,True
What do customers say in reviews for product LAPTOP-ULTRA?,Product,Product,GetProductReviews,GetProductReviews,/products/reviews,/products/reviews,productId=LAPTOP-ULTRA,productId=LAPTOP-ULTRA,GetProductReviews,GetProductReviews,True,True,True,True,True,True
Are buyers happy with product MODEL-K20? Show reviews.,Product,Product,GetProductReviews,GetProductReviews,/products/reviews,/products/reviews,productId=MODEL-K20,model=MODEL-K20,GetProductReviews,GetProductReviews,True,True,True,False,True,False
Give me user reviews on product SNEAKER-PRO.,Product,Product,GetProductReviews,GetProductReviews,/products/reviews,/products/reviews,productId=SNEAKER-PRO,productId=SNEAKER-PRO,GetProductReviews,GetProductReviews,True,True,True,True,True,True
How is HEADPHONE-360 rated by people who bought it?,Product,Product,GetProductReviews,GetProductReviews,/products/reviews,/products/reviews,productId=HEADPHONE-360,productId=HEADPHONE-360,GetProductReviews,GetProductReviews,True,True,True,True,True,True
Let me see opinions from owners of TABLET-8.,Product,Product,GetProductReviews,GetProductReviews,/products/reviews,/products/reviews,productId=TABLET-8,productId=TABLET-8,GetProductReviews,GetProductReviews,True,True,True,True,True,True
"Before buying CAMERA-DSLR, what is the crowd verdict?",Product,Product,GetProductReviews,GetProductReviews,/products/reviews,/products/reviews,productId=CAMERA-DSLR,product=CAMERA-DSLR,GetProductReviews,GetProductReviews,True,True,True,False,True,False
Does VACUUM-3000 have happy owners or complaints?,Product,Product,GetProductReviews,GetProductReviews,/products/reviews,/products/reviews,productId=VACUUM-3000,productId=VACUUM-3000,GetProductReviews,GetProductReviews,True,True,True,True,True,True
Create an order for 2 units of PROD-001 for user U-555.,Order,Order,CreateOrder,CreateOrder,/orders/create,/orders/create,userId=U-555;productId=PROD-001;quantity=2,productId=PROD-001;quantity=2;userId=U-555,CreateOrder,CreateOrder,True,True,True,True,True,True
Place an order for user ACC-102: 1 of SKU-840.,Order,Order,CreateOrder,CreateOrder,/orders/create,/orders/create,userId=ACC-102;productId=SKU-840;quantity=1,userId=ACC-102;sku=SKU-840;quantity=1,CreateOrder,CreateOrder,True,True,True,False,True,False
Create order for 3 units of ITEM-770 for account USER-33.,Order,Order,CreateOrder,CreateOrder,/orders/create,/orders/create,userId=USER-33;productId=ITEM-770;quantity=3,item=ITEM-770;quantity=3;account=USER-33,CreateOrder,CreateOrder,True,True,True,False,True,False
Place a purchase order for 5 of GADGET-X under U-987.,Order,Order,CreateOrder,CreateOrder,/orders/create,/orders/create,userId=U-987;productId=GADGET-X;quantity=5,product=GADGET-X;quantity=5;user_id=U-987,CreateOrder,CreateOrder,True,True,True,False,True,False
Start and create a new order for user ACCT-500 with 1 of LAPTOP-22.,Order,Order,CreateOrder,CreateOrder,/orders/create,/orders/create,userId=ACCT-500;productId=LAPTOP-22;quantity=1,userId=ACCT-500;productId=LAPTOP-22;quantity=1,CreateOrder,CreateOrder,True,True,True,True,True,True
I want to place an order for 4 of BOOK-55 for user USR-77.,Order,Order,CreateOrder,CreateOrder,/orders/create,/orders/create,userId=USR-77;productId=BOOK-55;quantity=4,productId=BOOK-55;userId=USR-77;quantity=4,CreateOrder,CreateOrder,True,True,True,True,True,True
Create a purchase for BUYER-123: 2 pieces of MODEL-ZX.,Order,Order,CreateOrder,CreateOrder,/orders/create,/orders/create,userId=BUYER-123;productId=MODEL-ZX;quantity=2,buyerId=BUYER-123;productModel=MODEL-ZX;quantity=2,CreateOrder,CreateOrder,True,True,True,False,True,False
Place an order for MBR-09: 1 unit of SHOE-RED.,Order,Order,CreateOrder,CreateOrder,/orders/create,/orders/create,userId=MBR-09;productId=SHOE-RED;quantity=1,productId=MBR-09;quantity=1;item=SHOE-RED,CreateOrder,CreateOrder,True,True,True,False,True,False
Put through 10 x ITEM-BULK on account CORP-007.,Order,Order,CreateOrder,CreateOrder,/orders/create,/orders/create,userId=CORP-007;productId=ITEM-BULK;quantity=10,account=CORP-007;quantity=10;item=ITEM-BULK,CreateOrder,CreateOrder,True,True,True,False,True,False
Set up a cart for USER-X44 containing 6 of ELEC-90.,Order,Product,CreateOrder,CreateOrder,/orders/create,/orders/create,userId=USER-X44;productId=ELEC-90;quantity=6,userId=USER-X44;productId=ELEC-90;quantity=6,CreateOrder,CreateOrder,False,True,True,True,True,False
Have 3 of TABLET-NEW sent to account ACC-66.,Order,Order,CreateOrder,CreateOrder,/orders/create,/orders/create,userId=ACC-66;productId=TABLET-NEW;quantity=3,product=TABLET-NEW;quantity=3;account=ACC-66,CreateOrder,CreateOrder,True,True,True,False,True,False
"For UID-2048, make the system buy 1 of CAMERA-4K.",Order,Order,CreateOrder,CreateOrder,/orders/create,/orders/create,userId=UID-2048;productId=CAMERA-4K;quantity=1,productId=CAMERA-4K;quantity=1;userId=UID-2048,CreateOrder,CreateOrder,True,True,True,True,True,True
Cancel my order ORD-3391.,Order,Order,CancelOrder,CancelOrder,/orders/cancel,/orders/cancel,orderId=ORD-3391,orderId=ORD-3391,CancelOrder,CancelOrder,True,True,True,True,True,True
I need to cancel order ID ORDER-8820.,Order,Order,CancelOrder,CancelOrder,/orders/cancel,/orders/cancel,orderId=ORDER-8820,orderId=ORDER-8820,CancelOrder,CancelOrder,True,True,True,True,True,True
Please cancel the purchase with order code OC-5544.,Order,Order,CancelOrder,CancelOrder,/orders/cancel,/orders/cancel,orderId=OC-5544,orderCode=OC-5544,CancelOrder,CancelOrder,True,True,True,False,True,False
Cancel order ORD-7001 before it ships.,Order,Order,CancelOrder,CancelOrder,/orders/cancel,/orders/cancel,orderId=ORD-7001,orderId=ORD-7001,CancelOrder,CancelOrder,True,True,True,True,True,True
Void and cancel order number REF-1129.,Order,Order,CancelOrder,CancelOrder,/orders/cancel,/orders/cancel,orderId=REF-1129,orderNumber=REF-1129,CancelOrder,CancelOrder,True,True,True,False,True,False
I changed my mind; cancel purchase order 993-XY.,Order,Order,CancelOrder,CancelOrder,/orders/cancel,/orders/cancel,orderId=993-XY,orderId=993-XY,CancelOrder,CancelOrder,True,True,True,True,True,True
"Cancel the order I placed, CART-55K.",Order,Order,CancelOrder,CancelOrder,/orders/cancel,/orders/cancel,orderId=CART-55K,orderId=CART-55K,CancelOrder,CancelOrder,True,True,True,True,True,True
Please cancel order ORD-20001 from processing.,Order,Order,CancelOrder,CancelOrder,/orders/cancel,/orders/cancel,orderId=ORD-20001,orderId=ORD-20001,CancelOrder,CancelOrder,True,True,True,True,True,True
Do not let order BILL-3320 go out.,Order,Order,CancelOrder,CancelOrder,/orders/cancel,/orders/cancel,orderId=BILL-3320,orderId=BILL-3320,CancelOrder,CancelOrder,True,True,True,True,True,True
Block shipment for PO-4488; I do not want it.,Order,Order,CancelOrder,CancelOrder,/orders/cancel,/orders/cancel,orderId=PO-4488,orderId=PO-4488,CancelOrder,CancelOrder,True,True,True,True,True,True
I made a mistake with TXN-662; please make it go away.,Order,Order,CancelOrder,CancelOrder,/orders/cancel,/orders/cancel,orderId=TXN-662,orderId=TXN-662,CancelOrder,CancelOrder,True,True,True,True,True,True
"Before dispatch, OID-1192 should not continue.",Order,Order,CancelOrder,CancelOrder,/orders/cancel,/orders/cancel,orderId=OID-1192,orderId=OID-1192,CancelOrder,CancelOrder,True,True,True,True,True,True
Track order ORD-4422.,Order,Order,TrackOrder,TrackOrder,/orders/track,/orders/track,orderId=ORD-4422,orderId=ORD-4422,TrackOrder,TrackOrder,True,True,True,True,True,True
Where is my order ORDER-5510 right now?,Order,Order,TrackOrder,TrackOrder,/orders/track,/orders/track,orderId=ORDER-5510,orderId=ORDER-5510,TrackOrder,TrackOrder,True,True,True,True,True,True
Show tracking info for order TRK-8821.,Order,Order,TrackOrder,TrackOrder,/orders/track,/orders/track,orderId=TRK-8821,orderId=TRK-8821,TrackOrder,TrackOrder,True,True,True,True,True,True
Check the delivery status of order ORD-4400.,Order,Order,TrackOrder,TrackOrder,/orders/track,/orders/track,orderId=ORD-4400,orderId=ORD-4400,TrackOrder,TrackOrder,True,True,True,True,True,True
Track the package for order REF-9902.,Order,Order,TrackOrder,TrackOrder,/orders/track,/orders/track,orderId=REF-9902,orderId=REF-9902,TrackOrder,TrackOrder,True,True,True,True,True,True
Where is my package for order SHIP-7731?,Order,Order,TrackOrder,TrackOrder,/orders/track,/orders/track,orderId=SHIP-7731,orderId=SHIP-7731,TrackOrder,TrackOrder,True,True,True,True,True,True
Track order ORDER-6612; has it shipped yet?,Order,Order,TrackOrder,TrackOrder,/orders/track,/orders/track,orderId=ORDER-6612,orderId=ORDER-6612,TrackOrder,TrackOrder,True,True,True,True,True,True
Tell me the tracking progress for order TXN-441.,Order,Order,TrackOrder,TrackOrder,/orders/track,/orders/track,orderId=TXN-441,orderId=TXN-441,TrackOrder,TrackOrder,True,True,True,True,True,True
When will PKG-0099 arrive?,Order,Order,TrackOrder,TrackOrder,/orders/track,/orders/track,orderId=PKG-0099,orderId=PKG-0099,TrackOrder,TrackOrder,True,True,True,True,True,True
Give me the latest delivery update on ORD-11230.,Order,Order,TrackOrder,TrackOrder,/orders/track,/orders/track,orderId=ORD-11230,orderId=ORD-11230,TrackOrder,TrackOrder,True,True,True,True,True,True
Is PCKG-3301 close to my address yet?,Order,Order,TrackOrder,TrackOrder,/orders/track,/orders/track,orderId=PCKG-3301,orderId=PCKG-3301;address=UNKNOWN,TrackOrder,TrackOrder,True,True,True,True,True,True
What is happening with the parcel CART-880 now?,Order,Order,TrackOrder,TrackOrder,/orders/track,/orders/track,orderId=CART-880,orderId=CART-880,TrackOrder,TrackOrder,True,True,True,True,True,True
Return order ORD-5521 because arrived damaged.,Order,Order,ReturnOrder,ReturnOrder,/orders/return,/orders/return,orderId=ORD-5521;reason=arrived damaged,orderId=ORD-5521;reason=damaged,ReturnOrder,ReturnOrder,True,True,True,False,True,False
Initiate a return for order REF-7701.,Order,Order,ReturnOrder,ReturnOrder,/orders/return,/orders/return,orderId=REF-7701,orderId=REF-7701,ReturnOrder,ReturnOrder,True,True,True,True,True,True
Please process a return for purchase order RTN-1109 because wrong item delivered.,Order,Order,ReturnOrder,ReturnOrder,/orders/return,/orders/return,orderId=RTN-1109;reason=wrong item delivered,orderId=RTN-1109;reason=wrong item delivered,ReturnOrder,ReturnOrder,True,True,True,True,True,True
I want to return order ORD-4455 because doesn't fit.,Order,Order,ReturnOrder,ReturnOrder,/orders/return,/orders/return,orderId=ORD-4455;reason=doesn't fit,orderId=ORD-4455,ReturnOrder,ReturnOrder,True,True,True,False,True,False
Start a return request for order TXN-8804.,Order,Order,ReturnOrder,ReturnOrder,/orders/return,/orders/return,orderId=TXN-8804,orderId=TXN-8804,ReturnOrder,ReturnOrder,True,True,True,True,True,True
I need to return purchase ORD-3300 because poor quality.,Order,Order,ReturnOrder,ReturnOrder,/orders/return,/orders/return,orderId=ORD-3300;reason=poor quality,orderId=ORD-3300;reason=poor quality,ReturnOrder,ReturnOrder,True,True,True,True,True,True
Can you create a return for order CART-220 because not satisfied?,Order,Order,ReturnOrder,ReturnOrder,/orders/return,/orders/return,orderId=CART-220;reason=not satisfied,orderId=CART-220,ReturnOrder,ReturnOrder,True,True,True,False,True,False
Return order ID PKG-5599 for me.,Order,Order,ReturnOrder,GetOrderDetails,/orders/return,/orders/details,orderId=PKG-5599,orderId=PKG-5599,ReturnOrder,GetOrderDetails,True,False,False,True,False,False
This purchase ORD-7762 needs to go back due to defective item.,Order,Order,ReturnOrder,ReturnOrder,/orders/return,/orders/return,orderId=ORD-7762;reason=defective item,orderId=ORD-7762,ReturnOrder,ReturnOrder,True,True,True,False,True,False
I cannot keep BILL-990 since it is not as described.,Order,Order,ReturnOrder,ReturnOrder,/orders/return,/orders/return,orderId=BILL-990;reason=not as described,orderId=BILL-990,ReturnOrder,ReturnOrder,True,True,True,False,True,False
Help me undo delivery ORD-13001.,Order,Order,ReturnOrder,CancelOrder,/orders/return,/orders/cancel,orderId=ORD-13001,orderId=ORD-13001,ReturnOrder,CancelOrder,True,False,False,True,False,False
The item from SHIP-554 is not staying with me - no longer needed.,Order,Order,ReturnOrder,CancelOrder,/orders/return,/orders/cancel,orderId=SHIP-554;reason=no longer needed,orderId=SHIP-554,ReturnOrder,CancelOrder,True,False,False,False,False,False
Show me the order details for ORD-8810.,Order,Order,GetOrderDetails,GetOrderDetails,/orders/details,/orders/details,orderId=ORD-8810,orderId=ORD-8810,GetOrderDetails,GetOrderDetails,True,True,True,True,True,True
What is in order ORDER-9921?,Order,Order,GetOrderDetails,GetOrderDetails,/orders/details,/orders/details,orderId=ORDER-9921,orderId=ORDER-9921,GetOrderDetails,GetOrderDetails,True,True,True,True,True,True
Give me the full information for order ORD-4450.,Order,Order,GetOrderDetails,GetOrderDetails,/orders/details,/orders/details,orderId=ORD-4450,orderId=ORD-4450,GetOrderDetails,GetOrderDetails,True,True,True,True,True,True
Display the order details and summary for REF-5513.,Order,Order,GetOrderDetails,GetOrderDetails,/orders/details,/orders/details,orderId=REF-5513,order_id=REF-5513,GetOrderDetails,GetOrderDetails,True,True,True,False,True,False
Fetch order details for TXN-7721.,Order,Order,GetOrderDetails,GetOrderDetails,/orders/details,/orders/details,orderId=TXN-7721,orderId=TXN-7721,GetOrderDetails,GetOrderDetails,True,True,True,True,True,True
Show order information for what I bought in CART-9902.,Order,Order,GetOrderDetails,GetOrderDetails,/orders/details,/orders/details,orderId=CART-9902,orderId=CART-9902,GetOrderDetails,GetOrderDetails,True,True,True,True,True,True
List the order details for items included in PKG-1103.,Order,Order,GetOrderDetails,GetOrderDetails,/orders/details,/orders/details,orderId=PKG-1103,orderId=PKG-1103,GetOrderDetails,GetOrderDetails,True,True,True,True,True,True
Pull up the order information for BILL-0055.,Order,Order,GetOrderDetails,GetOrderDetails,/orders/details,/orders/details,orderId=BILL-0055,orderId=BILL-0055,GetOrderDetails,GetOrderDetails,True,True,True,True,True,True
I want to review purchase ORD-2281.,Order,Order,GetOrderDetails,GetOrderDetails,/orders/details,/orders/details,orderId=ORD-2281,orderId=ORD-2281,GetOrderDetails,GetOrderDetails,True,True,True,True,True,True
What did SHIP-7700 contain?,Order,Product,GetOrderDetails,GetProductDetails,/orders/details,/products/details,orderId=SHIP-7700,productId=SHIP-7700,GetOrderDetails,GetProductDetails,False,False,False,False,False,False
Remind me what was purchased under ORD-22099.,Order,Order,GetOrderDetails,GetOrderDetails,/orders/details,/orders/details,orderId=ORD-22099,orderId=ORD-22099,GetOrderDetails,GetOrderDetails,True,True,True,True,True,True
Open the record for OID-663 so I can see the contents.,Order,Order,GetOrderDetails,GetOrderDetails,/orders/details,/orders/details,orderId=OID-663,orderId=OID-663,GetOrderDetails,GetOrderDetails,True,True,True,True,True,True
Schedule a team standup on Monday at 9am.,Calendar,Calendar,CreateMeeting,CreateMeeting,/calendar/meetings/create,/calendar/meetings/create,title=team standup;date=Monday;time=9am,date=UNKNOWN;time=09:00;description=team standup,CreateMeeting,CreateMeeting,True,True,True,False,True,False
Create a meeting called marketing team meeting for June 25 at 2pm.,Calendar,Calendar,CreateMeeting,CreateMeeting,/calendar/meetings/create,/calendar/meetings/create,title=marketing team meeting;date=June 25;time=2pm;participant=marketing team,title=marketing team meeting;date=June 25;time=2pm,CreateMeeting,CreateMeeting,True,True,True,False,True,False
Schedule calendar time for product review session on July 1 at 10:30am.,Calendar,Calendar,CreateMeeting,CreateMeeting,/calendar/meetings/create,/calendar/meetings/create,title=product review session;date=July 1;time=10:30am,date=July 1;time=10:30am;title=Product Review Session,CreateMeeting,CreateMeeting,True,True,True,True,True,True
Create a calendar event for client call with Sarah on Friday at 3pm.,Calendar,Calendar,CreateMeeting,CreateMeeting,/calendar/meetings/create,/calendar/meetings/create,title=client call;date=Friday;time=3pm;participant=Sarah,client_call=Sarah;date=Friday;time=15:00,CreateMeeting,CreateMeeting,True,True,True,False,True,False
Add and schedule the board meeting on August 10 at 11am.,Calendar,Calendar,CreateMeeting,CreateMeeting,/calendar/meetings/create,/calendar/meetings/create,title=board meeting;date=August 10;time=11am,date=August 10;time=11am,CreateMeeting,CreateMeeting,True,True,True,False,True,False
Please create one-on-one with manager on my calendar for tomorrow at 4pm.,Calendar,Calendar,CreateMeeting,CreateMeeting,/calendar/meetings/create,/calendar/meetings/create,title=one-on-one with manager;date=tomorrow;time=4pm;participant=manager,time=UNKNOWN;date=UNKNOWN;participants=manager,CreateMeeting,CreateMeeting,True,True,True,False,True,False
Schedule the event sprint planning for next Tuesday at 9:00am.,Calendar,Calendar,CreateMeeting,CreateMeeting,/calendar/meetings/create,/calendar/meetings/create,title=sprint planning;date=next Tuesday;time=9:00am,title=sprint planning;date=next Tuesday;time=9:00am,CreateMeeting,CreateMeeting,True,True,True,True,True,True
"Create a meeting entry: design review with UX team, Thursday at 1pm.",Calendar,Calendar,CreateMeeting,CreateMeeting,/calendar/meetings/create,/calendar/meetings/create,title=design review;date=Thursday;time=1pm;participant=UX team,title=design review;participants=UX team;date=Thursday;time=1pm,CreateMeeting,CreateMeeting,True,True,True,False,True,False
Block time for Q3 Demo on September 5 at noon.,Calendar,Calendar,CreateMeeting,CreateMeeting,/calendar/meetings/create,/calendar/meetings/create,title=Q3 Demo;date=September 5;time=noon,date=September 5;time=noon,CreateMeeting,CreateMeeting,True,True,True,False,True,False
"Put down lunch interview with Alex for next Wednesday, 12:30pm.",Calendar,Calendar,CreateMeeting,CreateMeeting,/calendar/meetings/create,/calendar/meetings/create,title=lunch interview;date=next Wednesday;time=12:30pm;participant=Alex,attendee=Alex;date=UNKNOWN;time=12:30pm,CreateMeeting,CreateMeeting,True,True,True,False,True,False
Make sure I have Onboarding Intro October 3 at 8am.,Calendar,Calendar,CreateMeeting,CreateMeeting,/calendar/meetings/create,/calendar/meetings/create,title=Onboarding Intro;date=October 3;time=8am,date=October 3;time=8am;title=Onboarding Intro,CreateMeeting,CreateMeeting,True,True,True,True,True,True
Save catch-up call with sales team in my day on November 7 at 3:30pm.,Calendar,Calendar,CreateMeeting,CreateMeeting,/calendar/meetings/create,/calendar/meetings/create,title=catch-up call;date=November 7;time=3:30pm;participant=sales team,date=November 7;time=3:30pm;description=catch-up call with sales team,CreateMeeting,CreateMeeting,True,True,True,False,True,False
Cancel meeting MTG-001.,Calendar,Calendar,CancelMeeting,CancelMeeting,/calendar/meetings/cancel,/calendar/meetings/cancel,meetingId=MTG-001,meetingId=MTG-001,CancelMeeting,CancelMeeting,True,True,True,True,True,True
I need to cancel the meeting with ID MEET-5521.,Calendar,Calendar,CancelMeeting,CancelMeeting,/calendar/meetings/cancel,/calendar/meetings/cancel,meetingId=MEET-5521,meetingId=MEET-5521,CancelMeeting,CancelMeeting,True,True,True,True,True,True
Please delete meeting CAL-330 from my calendar.,Calendar,Calendar,CancelMeeting,CancelMeeting,/calendar/meetings/cancel,/calendar/meetings/cancel,meetingId=CAL-330,meetingId=CAL-330,CancelMeeting,CancelMeeting,True,True,True,True,True,True
Cancel calendar event EVT-884.,Calendar,Calendar,CancelMeeting,CancelMeeting,/calendar/meetings/cancel,/calendar/meetings/cancel,meetingId=EVT-884,eventId=EVT-884,CancelMeeting,CancelMeeting,True,True,True,False,True,False
Cancel the appointment meeting APPT-1199.,Calendar,Calendar,CancelMeeting,CancelMeeting,/calendar/meetings/cancel,/calendar/meetings/cancel,meetingId=APPT-1199,meetingId=APPT-1199,CancelMeeting,CancelMeeting,True,True,True,True,True,True
Delete meeting MTG-9920 from the schedule.,Calendar,Calendar,CancelMeeting,CancelMeeting,/calendar/meetings/cancel,/calendar/meetings/cancel,meetingId=MTG-9920,meetingId=MTG-9920,CancelMeeting,CancelMeeting,True,True,True,True,True,True
Cancel event SESS-3301 on my calendar.,Calendar,Calendar,CancelMeeting,CancelMeeting,/calendar/meetings/cancel,/calendar/meetings/cancel,meetingId=SESS-3301,meetingId=SESS-3301,CancelMeeting,CancelMeeting,True,True,True,True,True,True
Please cancel meeting MEET-7723; I cannot attend.,Calendar,Calendar,CancelMeeting,CancelMeeting,/calendar/meetings/cancel,/calendar/meetings/cancel,meetingId=MEET-7723,meetingId=MEET-7723,CancelMeeting,CancelMeeting,True,True,True,True,True,True
Erase appointment EVT-0050 from the calendar.,Calendar,Calendar,CancelMeeting,CancelMeeting,/calendar/meetings/cancel,/calendar/meetings/cancel,meetingId=EVT-0050,meetingId=EVT-0050,CancelMeeting,CancelMeeting,True,True,True,True,True,True
Drop event CONF-1415 for me.,Calendar,Calendar,CancelMeeting,CancelMeeting,/calendar/meetings/cancel,/calendar/meetings/cancel,meetingId=CONF-1415,meetingId=CONF-1415,CancelMeeting,CancelMeeting,True,True,True,True,True,True
BRK-2200 should not be on my day anymore.,Calendar,Calendar,CancelMeeting,CancelMeeting,/calendar/meetings/cancel,/calendar/meetings/cancel,meetingId=BRK-2200,meetingId=BRK-2200,CancelMeeting,CancelMeeting,True,True,True,True,True,True
Make SYNC-88 disappear from my agenda.,Calendar,Calendar,CancelMeeting,CancelMeeting,/calendar/meetings/cancel,/calendar/meetings/cancel,meetingId=SYNC-88,meetingId=SYNC-88,CancelMeeting,CancelMeeting,True,True,True,True,True,True
Update meeting MTG-001 to next Friday at 3pm.,Calendar,Calendar,UpdateMeeting,UpdateMeeting,/calendar/meetings/update,/calendar/meetings/update,meetingId=MTG-001;date=next Friday;time=3pm,meetingId=MTG-001;date=UNKNOWN;time=15:00,UpdateMeeting,UpdateMeeting,True,True,True,False,True,False
Move meeting MEET-5521 to Wednesday.,Calendar,Calendar,UpdateMeeting,UpdateMeeting,/calendar/meetings/update,/calendar/meetings/update,meetingId=MEET-5521;date=Wednesday,meetingId=MEET-5521;newDate=Wednesday,UpdateMeeting,UpdateMeeting,True,True,True,False,True,False
Change meeting CAL-330 to 2pm.,Calendar,Calendar,UpdateMeeting,UpdateMeeting,/calendar/meetings/update,/calendar/meetings/update,meetingId=CAL-330;time=2pm,meetingId=CAL-330;time=2pm,UpdateMeeting,UpdateMeeting,True,True,True,True,True,True
Update calendar event EVT-884 to July 10 at 10am.,Calendar,Calendar,UpdateMeeting,UpdateMeeting,/calendar/meetings/update,/calendar/meetings/update,meetingId=EVT-884;date=July 10;time=10am,eventId=EVT-884;date=July 10;time=10am,UpdateMeeting,UpdateMeeting,True,True,True,False,True,False
Move calendar meeting APPT-1199 to Thursday at 4pm.,Calendar,Calendar,UpdateMeeting,UpdateMeeting,/calendar/meetings/update,/calendar/meetings/update,meetingId=APPT-1199;date=Thursday;time=4pm,meetingId=APPT-1199;date=Thursday;time=16:00,UpdateMeeting,UpdateMeeting,True,True,True,False,True,False
Change the schedule for meeting MTG-9920 to September 15.,Calendar,Calendar,UpdateMeeting,UpdateMeeting,/calendar/meetings/update,/calendar/meetings/update,meetingId=MTG-9920;date=September 15,meetingId=MTG-9920;date=September 15,UpdateMeeting,UpdateMeeting,True,True,True,True,True,True
Please update meeting SESS-3301 so it is 8:30am.,Calendar,Calendar,UpdateMeeting,UpdateMeeting,/calendar/meetings/update,/calendar/meetings/update,meetingId=SESS-3301;time=8:30am,meetingId=SESS-3301;time=8:30am,UpdateMeeting,UpdateMeeting,True,True,True,True,True,True
Move meeting ID MEET-7723; new slot is next Monday.,Calendar,Calendar,UpdateMeeting,UpdateMeeting,/calendar/meetings/update,/calendar/meetings/update,meetingId=MEET-7723;date=next Monday,meetingId=MEET-7723;newSlot=next Monday,UpdateMeeting,UpdateMeeting,True,True,True,False,True,False
Can EVT-0050 happen on October 1 at 11am instead?,Calendar,Calendar,UpdateMeeting,UpdateMeeting,/calendar/meetings/update,/calendar/meetings/update,meetingId=EVT-0050;date=October 1;time=11am,meetingId=EVT-0050;date=October 1;time=11am,UpdateMeeting,UpdateMeeting,True,True,True,True,True,True
Adjust CONF-1415 so it lands on Friday at 9am.,Calendar,Calendar,UpdateMeeting,UpdateMeeting,/calendar/meetings/update,/calendar/meetings/update,meetingId=CONF-1415;date=Friday;time=9am,meetingId=CONF-1415;date=UNKNOWN;time=09:00,UpdateMeeting,UpdateMeeting,True,True,True,False,True,False
BRK-2200 needs the new slot 6pm.,Calendar,Calendar,UpdateMeeting,CreateMeeting,/calendar/meetings/update,/calendar/meetings/create,meetingId=BRK-2200;time=6pm,time=6pm;slot=UNKNOWN,UpdateMeeting,CreateMeeting,True,False,False,False,False,False
The old time for SYNC-88 no longer works; use next Tuesday at 2:30pm.,Calendar,Calendar,UpdateMeeting,UpdateMeeting,/calendar/meetings/update,/calendar/meetings/update,meetingId=SYNC-88;date=next Tuesday;time=2:30pm,time=UNKNOWN;date=UNKNOWN,UpdateMeeting,UpdateMeeting,True,True,True,False,True,False
Am I available on Monday?,Calendar,Calendar,CheckAvailability,CheckAvailability,/calendar/availability,/calendar/availability,date=Monday,date=Monday,CheckAvailability,CheckAvailability,True,True,True,True,True,True
Am I available on June 25 at 3pm?,Calendar,Calendar,CheckAvailability,CheckAvailability,/calendar/availability,/calendar/availability,date=June 25;time=3pm,date=June 25;time=3pm,CheckAvailability,CheckAvailability,True,True,True,True,True,True
Is my calendar available on Tuesday?,Calendar,Calendar,CheckAvailability,CheckAvailability,/calendar/availability,/calendar/availability,date=Tuesday,date=UNKNOWN,CheckAvailability,CheckAvailability,True,True,True,False,True,False
Am I available on Friday at 10am?,Calendar,Calendar,CheckAvailability,CheckAvailability,/calendar/availability,/calendar/availability,date=Friday;time=10am,date=UNKNOWN;time=UNKNOWN,CheckAvailability,CheckAvailability,True,True,True,False,True,False
Can you see if I am available on July 5 at 2pm?,Calendar,Calendar,CheckAvailability,CheckAvailability,/calendar/availability,/calendar/availability,date=July 5;time=2pm,date=July 5;time=14:00,CheckAvailability,CheckAvailability,True,True,True,False,True,False
Check if my calendar is available for September 20.,Calendar,Calendar,CheckAvailability,CheckAvailability,/calendar/availability,/calendar/availability,date=September 20,date=September 20;time=UNKNOWN,CheckAvailability,CheckAvailability,True,True,True,True,True,True
Am I available for a meeting on next Thursday at 9am?,Calendar,Calendar,CheckAvailability,CheckAvailability,/calendar/availability,/calendar/availability,date=next Thursday;time=9am,date=UNKNOWN;time=UNKNOWN,CheckAvailability,CheckAvailability,True,True,True,False,True,False
Show whether I am available around October 15.,Calendar,Calendar,CheckAvailability,CheckAvailability,/calendar/availability,/calendar/availability,date=October 15,date=October 15;time=UNKNOWN,CheckAvailability,CheckAvailability,True,True,True,True,True,True
Can something fit into my schedule on November 3 at noon?,Calendar,Calendar,CheckAvailability,CheckAvailability,/calendar/availability,/calendar/availability,date=November 3;time=noon,date=November 3;time=noon,CheckAvailability,CheckAvailability,True,True,True,True,True,True
Do I have anything blocking next Wednesday?,Calendar,Calendar,CheckAvailability,CheckAvailability,/calendar/availability,/calendar/availability,date=next Wednesday,date=UNKNOWN;time=UNKNOWN,CheckAvailability,CheckAvailability,True,True,True,False,True,False
Could I say yes to a call on August 8 at 4pm?,Calendar,Calendar,CheckAvailability,CreateMeeting,/calendar/availability,/calendar/meetings/create,date=August 8;time=4pm,date=August 8;time=4pm,CheckAvailability,CreateMeeting,True,False,False,True,False,False
Would December 1 work for me?,Calendar,Calendar,CheckAvailability,CheckAvailability,/calendar/availability,/calendar/availability,date=December 1,date=December 1;time=UNKNOWN,CheckAvailability,CheckAvailability,True,True,True,True,True,True
List my calendar events for Monday.,Calendar,Calendar,ListEvents,ListEvents,/calendar/events,/calendar/events,date=Monday,day=Monday,ListEvents,ListEvents,True,True,True,False,True,False
Show me all events scheduled for June 25.,Calendar,Calendar,ListEvents,ListEvents,/calendar/events,/calendar/events,date=June 25,date=June 25,ListEvents,ListEvents,True,True,True,True,True,True
List the meetings I have for tomorrow.,Calendar,Calendar,ListEvents,ListEvents,/calendar/events,/calendar/events,date=tomorrow,date=UNKNOWN,ListEvents,ListEvents,True,True,True,False,True,False
Display my calendar events for next Friday.,Calendar,Calendar,ListEvents,ListEvents,/calendar/events,/calendar/events,date=next Friday,date=UNKNOWN,ListEvents,ListEvents,True,True,True,False,True,False
Show calendar appointments and events on July 10.,Calendar,Calendar,ListEvents,ListEvents,/calendar/events,/calendar/events,date=July 10,date=July 10;UNKNOWN=UNKNOWN,ListEvents,ListEvents,True,True,True,True,True,True
List everything on my schedule for Thursday.,Calendar,Calendar,ListEvents,ListEvents,/calendar/events,/calendar/events,date=Thursday,date=UNKNOWN,ListEvents,ListEvents,True,True,True,False,True,False
Show my calendar events and meetings for August 5.,Calendar,Calendar,ListEvents,ListEvents,/calendar/events,/calendar/events,date=August 5,date=August 5;UNKNOWN=UNKNOWN,ListEvents,ListEvents,True,True,True,True,True,True
Can you list events on September 12?,Calendar,Calendar,ListEvents,ListEvents,/calendar/events,/calendar/events,date=September 12,date=September 12,ListEvents,ListEvents,True,True,True,True,True,True
What do I have going on today?,Calendar,Calendar,ListEvents,ListEvents,/calendar/events,/calendar/events,date=today,UNKNOWN,ListEvents,ListEvents,True,True,True,False,True,False
Let me see everything booked for next Tuesday.,Calendar,Calendar,ListEvents,ListEvents,/calendar/events,/calendar/events,date=next Tuesday,date=UNKNOWN,ListEvents,ListEvents,True,True,True,False,True,False
How does my day look on October 28?,Calendar,Calendar,ListEvents,ListEvents,/calendar/events,/calendar/events,date=October 28,date=October 28;userId=UNKNOWN,ListEvents,ListEvents,True,True,True,True,True,True
Remind me what I committed to on November 15.,Calendar,Calendar,ListEvents,ListEvents,/calendar/events,/calendar/events,date=November 15,date=November 15;userId=UNKNOWN,ListEvents,ListEvents,True,True,True,True,True,True
